Publisher Name,Publisher Registry Id,Current activities at the start of each year (2022),Current activities at the start of each year (2023),Current activities at the start of each year (2024),Current activities with budgets for each year (2022),Current activities with budgets for each year (2023),Current activities with budgets for each year (2024),Percentage of current activities with budgets (2022),Percentage of current activities with budgets (2023),Percentage of current activities with budgets (2024)
50 Eight Limited,fifty_eight,1,1,1,1,0,0,100.0,0.0,0.0
Aapasi Sahayog Kendra Syangja Nepal (ASK Nepal),ask,2,2,2,0,0,0,0.0,0.0,0.0
Aasaman Nepal,aasaman,0,0,0,0,0,0,-,-,-
ABAAD - Resource Center for Gender Equality,arcfge,10,10,10,10,8,8,100.0,80.0,80.0
Abaseen Foundation UK,abaseen,0,0,0,0,0,0,-,-,-
Abdul Latif Jameel Poverty Action Lab at MIT,jpal,1,1,1,1,1,0,100.0,100.0,0.0
Able Child Africa,ablechildafrica,0,0,0,0,0,0,-,-,-
Abt Associates Inc,abt,2,2,2,0,0,0,0.0,0.0,0.0
Abt Britain Limited,abtbritain,3,3,1,3,3,1,100.0,100.0,100.0
Academy for Health Development (AHEAD),ahead,1,1,1,0,0,0,0.0,0.0,0.0
Académie de recherche et d'enseignement supérieur,ares,0,0,0,0,0,0,-,-,-
Accelerator Nepal,acceleratornepal,1,1,1,0,0,0,0.0,0.0,0.0
Access to Medicine Foundation,atmf,0,0,0,0,0,0,-,-,-
Access to Seeds Foundation,atsf,0,0,0,0,0,0,-,-,-
Accountability Lab,alab,1,1,1,0,0,0,0.0,0.0,0.0
Accountable Now,accountablenow,0,0,0,0,0,0,-,-,-
Acid Survivors Foundation,_admin,1,1,1,0,0,0,0.0,0.0,0.0
ACODEV,acodev,3,3,3,2,0,0,66.66666666666666,0.0,0.0
Across,across,0,0,0,0,0,0,-,-,-
ACT Alliance,act_alliance,2,2,2,0,0,0,0.0,0.0,0.0
act4africa,act4africa,0,0,0,0,0,0,-,-,-
ACTED,acted,4,4,4,0,0,0,0.0,0.0,0.0
ACTION AGAINST HUNGER SPAIN,acfspain,1,1,1,0,0,0,0.0,0.0,0.0
Action Against Hunger UK,acf,6,6,5,2,1,1,33.33333333333333,16.666666666666664,20.0
Action Against Hunger USA,aahusa,1,1,1,0,0,0,0.0,0.0,0.0
Action Canada for Sexual Health and Rights,acfshr,1,1,1,1,1,1,100.0,100.0,100.0
Action Contre la Faim,acf-fr,0,0,0,0,0,0,-,-,-
ActionAid Bangladesh,aab,0,0,0,0,0,0,-,-,-
ActionAid Denmark (Mellemfolkeligt Samvirke),aadk,1,1,1,0,0,0,0.0,0.0,0.0
ActionAid Ghana,aag,0,0,0,0,0,0,-,-,-
ActionAid International,aai,0,0,0,0,0,0,-,-,-
ACTIONAID INTERNATIONAL KENYA,aaik,1,1,1,0,0,0,0.0,0.0,0.0
ActionAid International Nepal,aain,1,1,1,0,0,0,0.0,0.0,0.0
ActionAid Rwanda,aar,0,0,0,0,0,0,-,-,-
ActionAid UK,aauk,10,10,5,9,6,1,90.0,60.0,20.0
Acumen,acumen,2,2,1,2,1,0,100.0,50.0,0.0
Adam Smith International,asi,2,2,2,1,1,1,50.0,50.0,50.0
Adaptation Fund,af,28,28,28,0,0,0,0.0,0.0,0.0
ADD International (Action on Disability and Development),addinternational,2,2,2,2,0,0,100.0,0.0,0.0
Administração de Infra-Estruturas de Águas e Saneamento,aias,1,1,1,1,1,1,100.0,100.0,100.0
ADRA Denmark,adra-dk,4,4,4,2,0,0,50.0,0.0,0.0
ADRA-UK,adrauk,0,0,0,0,0,0,-,-,-
ADS-Nyanza,ads-nyanza,0,0,0,0,0,0,-,-,-
Advance Consulting,ac1999,1,1,0,1,1,0,100.0,100.0,-
Adventist Development and Relief Agency (ADRA Somalia),adrasom,0,0,0,0,0,0,-,-,-
"Adventist Development and Relief Agency, Nepal",adra_nepal,0,0,0,0,0,0,-,-,-
AECOM,aecom,41,41,41,0,0,0,0.0,0.0,0.0
Aeras,aeras,1,1,1,0,0,0,0.0,0.0,0.0
AFELT,afelt,0,0,0,0,0,0,-,-,-
AFEW International,afewinternational,0,0,0,0,0,0,-,-,-
Afghanaid,afghanaid,3,3,3,0,0,0,0.0,0.0,0.0
Afghanistan and Central Asian Association,acaa,0,0,0,0,0,0,-,-,-
Afghanistan Public Policy Research Organization (APPRO),appro-af,0,0,0,0,0,0,-,-,-
Africa Educational Trust,aet,2,2,2,0,0,0,0.0,0.0,0.0
Africa Philanthropy Network,apn,0,0,0,0,0,0,-,-,-
Africalia,africalia,0,0,0,0,0,0,-,-,-
African Academy of Sciences,aas,0,0,0,0,0,0,-,-,-
African Center for Economic Transformation (ACET),acet,18,18,17,0,0,0,0.0,0.0,0.0
African Centre for Global Health and Social Transformation,achest,0,0,0,0,0,0,-,-,-
African Development Bank,afdb,990,990,700,724,661,356,73.13131313131314,66.76767676767676,50.857142857142854
African Initiatives,ai_1064413,1,1,1,0,0,0,0.0,0.0,0.0
African Institute For Development Policy,afidep,0,0,0,0,0,0,-,-,-
African Parks Network,african_parks,11,11,11,0,0,0,0.0,0.0,0.0
African Population and Health Research Center,aphrc,1,1,1,0,0,0,0.0,0.0,0.0
African Revival,africanrevival,1,1,1,0,0,0,0.0,0.0,0.0
African Security Sector Network,assn,0,0,0,0,0,0,-,-,-
African Tax Administration Forum,ataf,1,1,1,0,0,0,0.0,0.0,0.0
African Women's Development and Communication Network,femnet,21,21,21,21,20,20,100.0,95.23809523809523,95.23809523809523
African Women's Development Fund,awdf,5,5,5,5,1,1,100.0,20.0,20.0
Afrikagrupperna Sweden,afrikagrupperna,0,0,0,0,0,0,-,-,-
AfriKids,afrikids,1,1,1,0,0,0,0.0,0.0,0.0
Aga Khan Foundation (United Kingdom),akfuk73,2,2,2,0,0,0,0.0,0.0,0.0
Aga Khan Foundation Afghanistan,akf_afghanistan,1,1,1,0,0,0,0.0,0.0,0.0
AgDevCo,agdevco,29,29,29,0,0,0,0.0,0.0,0.0
Agence Française de Développement,afd,1558,1558,1065,1558,1410,764,100.0,90.50064184852374,71.73708920187794
Agence Nationale d'Approvisionnement en Eau Potable en Milieu Rural du Benin,anaepmr_benin,0,0,0,0,0,0,-,-,-
Agency for Cooperation and Research in Development (ACORD),acord,3,3,3,0,0,0,0.0,0.0,0.0
AgResults Initiative,agresults,5,5,5,1,1,1,20.0,20.0,20.0
Agroicone,agroicone,0,0,0,0,0,0,-,-,-
Agulhas Applied Knowledge,aak,1,1,0,1,0,0,100.0,0.0,-
Agência de Desenvolvimento do Vale do Zambeze,agencia_do_zambeze,1,1,1,0,0,0,0.0,0.0,0.0
AICS - Agenzia Italiana per la Cooperazione allo Sviluppo / Italian Agency for Cooperation and Development,aics,345,345,275,0,98,18,0.0,28.405797101449277,6.545454545454546
AidData,aiddata,9498,9498,9498,0,0,0,0.0,0.0,0.0
Aidsfonds - Soa Aids Nederland,nl-kvk-41207989,20,20,20,15,15,15,75.0,75.0,75.0
AIDSPAN,aidspan,7,7,7,0,0,0,0.0,0.0,0.0
Ajuda de Desenvolvimento de Povo para Povo (ADPP),adpp,1,1,1,0,0,0,0.0,0.0,0.0
Akili Dada,ad,9,9,9,0,0,0,0.0,0.0,0.0
Akina Mama wa Afrika,amwa,9,9,9,9,2,2,100.0,22.22222222222222,22.22222222222222
Aktis Strategy Ltd,aktis,2,2,2,0,0,0,0.0,0.0,0.0
Akvo Foundation,akvo,0,0,0,0,0,0,-,-,-
Al Majmoua,al_majmoua,1,1,1,0,0,0,0.0,0.0,0.0
Alcis Holdings Limited,alcis,0,0,0,0,0,0,-,-,-
Alfalit,alfalit,1,1,1,0,0,0,0.0,0.0,0.0
Alinea International Ltd.,alineainternational_2020,2,2,1,0,0,0,0.0,0.0,0.0
All We Can (formerly Methodist Relief and Development Fund),allwecan,0,0,0,0,0,0,-,-,-
Allergy and Asthma Institute Pakistan,aaip,3,3,3,0,0,0,0.0,0.0,0.0
Alliance for a Green Revolution for Africa,agra,1,1,1,1,1,0,100.0,100.0,0.0
"Alliance for Global Water Adaptation, Inc",agwa,0,0,0,0,0,0,-,-,-
Alliance of Religions and Conservation,alliance_of_religions_and_conservation,1,1,1,0,0,0,0.0,0.0,0.0
Altai Consulting,altai,0,0,0,0,0,0,-,-,-
American Friends Service Committee,afsc,0,0,0,0,0,0,-,-,-
Amnesty International The Netherlands,amnesty,9,9,9,9,9,9,100.0,100.0,100.0
Amnesty International UK Section Charitable Trust,aiuk,1,1,1,0,0,0,0.0,0.0,0.0
Amref Flying Doctors,amrefnl,5,5,1,5,2,0,100.0,40.0,0.0
Amref Health Africa - UK,amrefha,3,3,3,0,0,0,0.0,0.0,0.0
Amref Health Africa Headquarters,amrefhq,2,2,2,0,0,0,0.0,0.0,0.0
Amref Health Africa in Ethiopia,amrefeth,2,2,2,0,0,0,0.0,0.0,0.0
Amref Health Africa in Kenya,amrefkenya,2,2,2,0,0,0,0.0,0.0,0.0
Amref health Africa in Senegal,awa_sn,1,1,1,0,0,0,0.0,0.0,0.0
Amref Health Africa in Tanzania,amreftz,2,2,2,0,0,0,0.0,0.0,0.0
Amref Health Africa in Uganda,amrefug,1,1,1,0,0,0,0.0,0.0,0.0
Amref Health Africa Malawi,amrefmw,0,0,0,0,0,0,-,-,-
Ananda Marga Universal Relief Team (AMURT) Africa,amurt_kenya,0,0,0,0,0,0,-,-,-
ANDA,anda,1,1,1,0,0,0,0.0,0.0,0.0
Anti-Slavery International,asil,1,1,1,0,0,0,0.0,0.0,0.0
APPRO-Europe,appro-eu,0,0,0,0,0,0,-,-,-
APT Action on Poverty,apt,1,1,0,1,1,0,100.0,100.0,-
Aqua for All,aqua4all,14,14,6,0,0,0,0.0,0.0,0.0
Arab foundation for freedoms and equality,afemena,0,0,0,0,0,0,-,-,-
Arab Reporters for Investigative Journalism,arij,1,1,0,1,1,0,100.0,100.0,-
Arab Women Organization of Jordan,awo2022,1,1,1,1,1,1,100.0,100.0,100.0
ARK (Absolute Return for Kids),ark,1,1,1,0,0,0,0.0,0.0,0.0
ARQ International,arq_intl,1,1,1,1,0,0,100.0,0.0,0.0
Article19,art19,1,1,0,1,1,0,100.0,100.0,-
Ashoka East Africa,ashoka,0,0,0,0,0,0,-,-,-
Asia Justice and Rights,ajar,0,0,0,0,0,0,-,-,-
Asian Coalition for Housing Rights,achr,1,1,1,0,0,0,0.0,0.0,0.0
Asian Development Bank,asdb,679,679,492,679,668,472,100.0,98.37997054491899,95.9349593495935
Asociación Movimiento Feminista Por La Paz Ruta Pacífica de las Mujeres,rpm,1,1,1,1,1,1,100.0,100.0,100.0
Asociación Profamilia,profamilia,1,1,1,1,0,0,100.0,0.0,0.0
Assistance Mission for Africa,ama-south-sudan,1,1,1,1,1,1,100.0,100.0,100.0
Association Centrafricaine de Traduction de la Bible et Alphabetisation,acatba,0,0,0,0,0,0,-,-,-
Association CHS Alliance,chs_alliance,2,2,2,0,0,0,0.0,0.0,0.0
"Association de solidarité internationale, Agriculteurs français et développement international (Afdi) France",afdi-fr,0,0,0,0,0,0,-,-,-
Association de Soutien au Développement des Activités de Population,asdap,0,0,0,0,0,0,-,-,-
Association des Editeurs du Magazine Jimbere,j2022,1,1,1,1,0,0,100.0,0.0,0.0
Association for Cultural Technical and Educational Cooperation (ACTEC),actec,0,0,0,0,0,0,-,-,-
"Association for Prevention of Septic Abortion, Bangladesh (BAPSA)",bapsa,0,0,0,0,0,0,-,-,-
Association for Progressive Communication,apc,24,24,24,1,1,1,4.166666666666666,4.166666666666666,4.166666666666666
Association for Reproductive and Family Health,arfh,0,0,0,0,0,0,-,-,-
Association for Women's Rights in Development (AWID),awid,3,3,3,3,3,3,100.0,100.0,100.0
Association of Commonwealth Universities,acu,0,0,0,0,0,0,-,-,-
Association pour la Promotion de l'Education et de la Formation à l'Etranger,apefe,0,0,0,0,0,0,-,-,-
Atos IT Services Ltd,atosuk,3,3,3,0,0,0,0.0,0.0,0.0
Atradius Dutch State Business,adsb,88,88,88,0,0,0,0.0,0.0,0.0
Auschwitz Institute for the Prevention of Genocide and Mass Atrocities,aipr,9,9,9,0,0,0,0.0,0.0,0.0
Australia - Department of  Foreign Affairs and Trade,ausgov,759,759,459,0,0,0,0.0,0.0,0.0
Auto-Développement Afrique (ADA),ada,0,0,0,0,0,0,-,-,-
Autre Terre asbl,a-t,0,0,0,0,0,0,-,-,-
AUXFIN Burundi,auxfinbi,0,0,0,0,0,0,-,-,-
Avanti Communications Plc,ava_admin,1,1,1,0,0,0,0.0,0.0,0.0
Avocats Sans Frontières,asf,1,1,1,1,1,1,100.0,100.0,100.0
AVSI FOUNDATION IN UGANDA,avsi_uganda,0,0,0,0,0,0,-,-,-
AVSI South Sudan,avsi-ssd,1,1,1,1,0,0,100.0,0.0,0.0
AVT-L Association of Victims of Terrorism Lebanon,avt-l,0,0,0,0,0,0,-,-,-
AWEPA,awepa,0,0,0,0,0,0,-,-,-
Babawatoto Centre For Children and Youth,bawacecy-tz,2,2,2,0,0,0,0.0,0.0,0.0
Backward Society Education (BASE),base_22,16,16,16,0,0,0,0.0,0.0,0.0
Balloon Ventures Foundation,bvf,1,1,1,0,0,0,0.0,0.0,0.0
Bangladesh Business and Disability Network,bbdn,1,1,1,0,0,0,0.0,0.0,0.0
Bangladesh Nari Progati Sangha,bnps,0,0,0,0,0,0,-,-,-
Bangladesh Primary Care Respiratory Society,bpcrs,0,0,0,0,0,0,-,-,-
Bangladesh Youth Leadership Center,bylc,1,1,1,0,0,0,0.0,0.0,0.0
Bani Abdurrahman Wahid Foundation (YBAW),ybawahid,0,0,0,0,0,0,-,-,-
BANQUE OUEST AFRICAINE DE DEVELOPPEMENT,boadiita,16,16,5,16,16,5,100.0,100.0,100.0
BasicNeeds,basicneeds,5,5,5,0,0,0,0.0,0.0,0.0
Baylor College of Medicine Children's Foundation Malawi,bcm-cf,0,0,0,0,0,0,-,-,-
BBC Media Action,bbcmediaaction,2,2,2,1,1,0,50.0,50.0,0.0
BDO LLP,bdo,1,1,1,0,0,0,0.0,0.0,0.0
Bees Abroad UK,bauk,0,0,0,0,0,0,-,-,-
Bees for Development Trust,beesfordevelopment,0,0,0,0,0,0,-,-,-
Behavioural Insights Team,bit,0,0,0,0,0,0,-,-,-
Belgian development agency (Enabel),enabel,229,229,143,0,0,0,0.0,0.0,0.0
Belgian Development Cooperation,be-dgd,406,406,302,272,268,168,66.99507389162561,66.00985221674877,55.62913907284768
Benelux Afro Center,bac,0,0,0,0,0,0,-,-,-
Berytech Foundation,berytech,0,0,0,0,0,0,-,-,-
Beweging voor Internationale Solidariteit - Mouvement pour la Solidarité Internationale,bismsi,0,0,0,0,0,0,-,-,-
Bibliothèques Sans Frontières,bsf1,0,0,0,0,0,0,-,-,-
Bill & Melinda Gates Foundation,bmgf,1274,1274,707,1274,1274,0,100.0,100.0,0.0
Bioclimate Research and Development,bioclimate,0,0,0,0,0,0,-,-,-
Blue Ventures Conservation,blueventures,0,0,0,0,0,0,-,-,-
Bond,bond,0,0,0,0,0,0,-,-,-
BoP Innovation Center,bopinc,2,2,2,0,0,0,0.0,0.0,0.0
BOS+ tropen,bos_plus_tropen,0,0,0,0,0,0,-,-,-
Boston University,bu-carbx-admin,3,3,3,0,0,0,0.0,0.0,0.0
Both ENDS,bothends,1,1,1,1,1,0,100.0,100.0,0.0
BRAC,brac_admin2,0,0,0,0,0,0,-,-,-
BRAC International,bracintl,0,0,0,0,0,0,-,-,-
BRAC UK,bracuk,0,0,0,0,0,0,-,-,-
BRAC University,bu,3,3,3,0,0,0,0.0,0.0,0.0
Brigham and Women's Hospital,bwh,0,0,0,0,0,0,-,-,-
British & Irish Agencies Afghanistan Group,baag,0,0,0,0,0,0,-,-,-
British Asian Trust,b_a_t,1,1,1,1,1,1,100.0,100.0,100.0
British Council,britishcouncil,14,14,11,14,10,3,100.0,71.42857142857143,27.27272727272727
British International Investment plc,bii,297,297,297,0,0,0,0.0,0.0,0.0
British Red Cross,gb-chc-220949,63,63,38,4,3,1,6.349206349206349,4.761904761904762,2.631578947368421
Broederlijk Delen,bd,0,0,0,0,0,0,-,-,-
Brujula Comunicaciones Estrategicas SAS,brujula,0,0,0,0,0,0,-,-,-
Brulocalis,brulocalis,0,0,0,0,0,0,-,-,-
BSR,bsr_admin,5,5,5,0,0,0,0.0,0.0,0.0
Bucks Community NGO,bucksfarm,1,1,1,0,0,0,0.0,0.0,0.0
Build Africa,buildafrica,1,1,1,0,0,0,0.0,0.0,0.0
Burns Violence Survivors - Nepal,bvs-nepal,1,1,1,0,0,0,0.0,0.0,0.0
Burundi Leadership Training Programme,bltp,0,0,0,0,0,0,-,-,-
Business in the Community,bitc,1,1,1,0,0,0,0.0,0.0,0.0
Business Watch Indonesia,bwi,2,2,2,2,2,2,100.0,100.0,100.0
C40 Cities Climate Leadership Group,c40cities,1,1,1,0,0,0,0.0,0.0,0.0
CABI,cabi,4,4,3,0,0,0,0.0,0.0,0.0
Camfed International,camfed,0,0,0,0,0,0,-,-,-
Canada - Global Affairs Canada | Affaires mondiales Canada,gac-amc,476,476,353,384,281,176,80.67226890756302,59.03361344537815,49.858356940509914
Canada - International Development Research Centre/Centre de recherches pour le développement international,idrccrdi,270,270,163,0,0,0,0.0,0.0,0.0
Canada Department of Finance / Ministère des Finances Canada,finance_canada,0,0,0,0,0,0,-,-,-
CANADEM,canadem,1,1,1,0,0,0,0.0,0.0,0.0
Canon Collins Trust,canoncollinstrust,0,0,0,0,0,0,-,-,-
CAPABUILD,capabui,0,0,0,0,0,0,-,-,-
Carbon Trust (Beijing) Consulting Limited,ctbeijing,0,0,0,0,0,0,-,-,-
Carbon Trust Advisory Ltd,carbontrustadvisory,0,0,0,0,0,0,-,-,-
Cardno Emerging Markets,cardnoem,0,0,0,0,0,0,-,-,-
CARE BENIN/TOGO,carebenintogo,1,1,1,0,0,0,0.0,0.0,0.0
CARE Danmark Fonden for Frivillig Ulandsbistand,12921047,2,2,2,1,0,0,50.0,0.0,0.0
CARE International Afghanistan,ciafg,0,0,0,0,0,0,-,-,-
CARE international foundation Switzerland in Sudan,cis,0,0,0,0,0,0,-,-,-
CARE International in Zimbabwe,ciz,0,0,0,0,0,0,-,-,-
CARE International UK,ciuk,24,24,17,11,0,0,45.83333333333333,0.0,0.0
CARE Nederland,carenederland,12,12,9,1,1,1,8.333333333333332,8.333333333333332,11.11111111111111
CARE Nepal,cnepal,0,0,0,0,0,0,-,-,-
CARE SOMALIA,csom1,3,3,3,0,0,0,0.0,0.0,0.0
Carers Worldwide,cww,0,0,0,0,0,0,-,-,-
Caribbean Development Bank (CDB),caribank,10,10,9,1,1,1,10.0,10.0,11.11111111111111
Caritas Denmark,caritas_denmark,3,3,3,0,0,0,0.0,0.0,0.0
Caritas Finland,caritasfin,1,1,1,0,0,0,0.0,0.0,0.0
Caritas International (Belgium),cibe,0,0,0,0,0,0,-,-,-
Caritas Serbia,caritas_serbia,0,0,0,0,0,0,-,-,-
CARPO - Center for Applied Research in Partnership with the Orient,carpo,0,0,0,0,0,0,-,-,-
Catholic Agency For Overseas Development (CAFOD),cafod,79,79,42,24,0,0,30.37974683544304,0.0,0.0
Catholic Relief Services,crs,1,1,0,0,0,0,0.0,0.0,-
CDA Collaborative Learning Projects,cda,4,4,4,0,0,0,0.0,0.0,0.0
CDAC Network,cdacnetwork,0,0,0,0,0,0,-,-,-
CDP Worldwide,cdp,4,4,4,0,0,0,0.0,0.0,0.0
Cecily's Fund,cecily,1,1,1,0,0,0,0.0,0.0,0.0
Center for Church-Based Development,cku,16,16,4,16,4,0,100.0,25.0,0.0
Center for Civilians in Conflict,civic_admin,1,1,1,0,0,0,0.0,0.0,0.0
Center for Development and Integration,cdi_vn_2021,0,0,0,0,0,0,-,-,-
Center for International Legal Cooperation (CILC),cilc,1,1,0,0,0,0,0.0,0.0,-
Center for International Studies and Cooperation,ceci,0,0,0,0,0,0,-,-,-
Center for Participation and Development,cpd_2021,2,2,2,1,0,0,50.0,0.0,0.0
Center for Research on Environment Health and Population Activities (CREHPA),crehpa,1,1,1,0,0,0,0.0,0.0,0.0
"Center for Research, Evaluation Resources and Development (CRERD)",crerd_ng,1,1,1,0,0,0,0.0,0.0,0.0
Centre des Etudes Méditerranéennes et Internationales,cemi,0,0,0,0,0,0,-,-,-
Centre Diocésain de Communication de Ouahigouya,cdc_ohg,1,1,0,1,1,0,100.0,100.0,-
Centre For Citizens With Disabilities,ccdnigeria,0,0,0,0,0,0,-,-,-
Centre for Economic Policy Research,cepr,1,1,0,0,0,0,0.0,0.0,-
Centre for Economic Strategy Ukraine,ces-ua,0,0,0,0,0,0,-,-,-
Centre for Environment Human Rights and Development,cehrd1,0,0,0,0,0,0,-,-,-
Centre for Humanitarian Dialogue (HD Centre),hdcentre,1,1,0,1,1,0,100.0,100.0,-
Centre for Indian Knowledge Systems,ciks,1,1,1,0,0,0,0.0,0.0,0.0
"Centre for Injury Prevention and Research, Bangladesh (CIPRB)",ciprb,1,1,1,0,0,0,0.0,0.0,0.0
Centre for Legal Research and Development,clerd-prpi,0,0,0,0,0,0,-,-,-
Centre for Policy Dialogue,cpd,0,0,0,0,0,0,-,-,-
Centre for Rights Education and Awareness,creawkenya,1,1,1,0,0,0,0.0,0.0,0.0
Centre for the Study of Adolescence,csa-kenya,0,0,0,0,0,0,-,-,-
Centre International de Développement et de Recherche,cidr,0,0,0,0,0,0,-,-,-
Centre National de Coopération au Développement (CNCD-11.11.11),cncd,0,0,0,0,0,0,-,-,-
Centre Tricontinental - CETRI,ct-admin,0,0,0,0,0,0,-,-,-
Centro de Aprendizagem e Capacitação da Sociedade Civil,cesc,1,1,1,1,1,1,100.0,100.0,100.0
Centro de Promocion y Defensa de los Derechos Sexuales y Reproductivos,promsex,0,0,0,0,0,0,-,-,-
Cesvi,cesvi,0,0,0,0,0,0,-,-,-
CGIAR,cgiar,607,607,390,2,2,0,0.3294892915980231,0.3294892915980231,0.0
Chama cha Uzazi na Malezi Bora Tanzania (UMATI),umati,0,0,0,0,0,0,-,-,-
Chance for Childhood,chanceforchildhood,3,3,3,0,0,0,0.0,0.0,0.0
Charity Projects Ltd (Comic Relief),cprojects,0,0,0,0,0,0,-,-,-
Chaîne de l'Espoir Belgique / Keten van Hoop België / Chain of Hope Belgium,cdeb-kvhb_admin,0,0,0,0,0,0,-,-,-
CHEKA SANA TANZANIA,cst,0,0,0,0,0,0,-,-,-
Chemonics International Inc.,chemonics,7,7,7,0,0,0,0.0,0.0,0.0
Cheshire Services Uganda,csu,1,1,1,0,0,0,0.0,0.0,0.0
Child-to-Child,ctc,0,0,0,0,0,0,-,-,-
Child.org,child-dot_org,0,0,0,0,0,0,-,-,-
ChildFund International,childfund,0,0,0,0,0,0,-,-,-
ChildHope UK,childhopeuk,2,2,1,1,0,0,50.0,0.0,0.0
Children in Crisis,cic,0,0,0,0,0,0,-,-,-
Children in Crossfire,cicni,1,1,1,1,0,0,100.0,0.0,0.0
CHOICE for Youth and Sexuality,cfyas,3,3,3,3,1,0,100.0,33.33333333333333,0.0
Christian Aid,caid,37,37,20,27,0,0,72.97297297297297,0.0,0.0
Christian Aid Ireland,caid_ireland,0,0,0,0,0,0,-,-,-
Christian Blind Mission (UK) Ltd.,cbm,7,7,7,2,3,2,28.57142857142857,42.857142857142854,28.57142857142857
Christian Engineers in Development,ced,0,0,0,0,0,0,-,-,-
Church of England - The Archbishops' Council,coe-abc,3,3,0,3,3,0,100.0,100.0,-
CIFAL Scotland,cifal,0,0,0,0,0,0,-,-,-
CINI,cini_jhk,0,0,0,0,0,0,-,-,-
CISU,cisu,206,206,100,178,179,56,86.40776699029125,86.89320388349515,56.00000000000001
City of London Corporation,col-greenfinance,0,0,0,0,0,0,-,-,-
CIVICUS World Alliance for Citizen Participation,civicus,1,1,1,1,1,1,100.0,100.0,100.0
CIVIL INITIATIVES FOR DEVELOPMENT AND PEACE INDIA,cividep,1,1,1,1,1,1,100.0,100.0,100.0
CLASP,clasp,7,7,7,0,0,0,0.0,0.0,0.0
Clean Clothes Campaign,ccc,2,2,2,1,0,0,50.0,0.0,0.0
ClientEarth,clientearth-1,0,0,0,0,0,0,-,-,-
Climate Investment Funds,cif,246,246,246,0,0,0,0.0,0.0,0.0
Climate Policy Initiative,cpi,2,2,2,0,0,0,0.0,0.0,0.0
Clinton Health Access Initiative,chai,6,6,4,6,5,2,100.0,83.33333333333334,50.0
CNV Internationaal,nl-kvk-54436222-27541,22,22,22,0,0,0,0.0,0.0,0.0
Coalition for Epidemic Preparedness Innovations,cepi,3,3,3,0,0,0,0.0,0.0,0.0
Coalition of African Lesbians (CAL),cal_2000-pu,10,10,10,1,0,0,10.0,0.0,0.0
Cobra Collective CIC,cobracollective,1,1,1,0,0,0,0.0,0.0,0.0
COC Nederland,cocnl_publisher,2,2,2,1,0,0,50.0,0.0,0.0
CODA International,coda,0,0,0,0,0,0,-,-,-
CODEART ASBL,codeart,0,0,0,0,0,0,-,-,-
Coffey International Development,coffey,17,17,16,7,7,4,41.17647058823529,41.17647058823529,25.0
ColaLife,colalife,0,0,0,0,0,0,-,-,-
Collectif Stratégies Alimentaires,csa,0,0,0,0,0,0,-,-,-
Collective for Research and Training on Development Action,crtda,1,1,1,1,1,1,100.0,100.0,100.0
Comité pour l'abolition des dettes illégitimes,cadtm,0,0,0,0,0,0,-,-,-
COMMISSION JUSTICE ET PAIX ASBL (cjp),cjp,0,0,0,0,0,0,-,-,-
Commonwealth Local Government Forum,clgf_data,0,0,0,0,0,0,-,-,-
Commune de Adja-Ouere - Bénin,adja-ouere,0,0,0,0,0,0,-,-,-
Commune de Adjarra - Bénin,adjarra,0,0,0,0,0,0,-,-,-
Commune de Adjohoun - Bénin,adjohoun,0,0,0,0,0,0,-,-,-
Commune de Akpro-Missérété - Bénin,akpro-misserete,0,0,0,0,0,0,-,-,-
Commune de Allada - Bénin,allada,0,0,0,0,0,0,-,-,-
Commune de Aplahoué - Bénin,aplahoue,1,1,1,0,0,0,0.0,0.0,0.0
Commune de Avrankou - Bénin,avrankou,0,0,0,0,0,0,-,-,-
Commune de Bopa - Bénin,bopa,1,1,1,0,0,0,0.0,0.0,0.0
Commune de Comè - Bénin,come,0,0,0,0,0,0,-,-,-
Commune de Dangbo - Benin,dangbo,0,0,0,0,0,0,-,-,-
Commune de Ifangni - Bénin,ifangni,0,0,0,0,0,0,-,-,-
Commune de Klouékanmè - Bénin,klouekanme,0,0,0,0,0,0,-,-,-
Commune de Kpomassè - Bénin,kpomasse,0,0,0,0,0,0,-,-,-
Commune de Kétou - Bénin,ketou,0,0,0,0,0,0,-,-,-
Commune de Lalo - Bénin,lalo,1,1,1,0,0,0,0.0,0.0,0.0
Commune de Parakou - Bénin,parakou,0,0,0,0,0,0,-,-,-
Commune de Pobè - Bénin,pobe,1,1,1,0,0,0,0.0,0.0,0.0
Commune de Toffo - Bénin,toffo,0,0,0,0,0,0,-,-,-
Commune de Toviklin - Bénin,toviklin,1,1,1,0,0,0,0.0,0.0,0.0
Commune de Zè - Bénin,ze,0,0,0,0,0,0,-,-,-
Compassion UK,comp_uk,0,0,0,0,0,0,-,-,-
Concern Worldwide,concern_worldwide,2,2,0,0,1,0,0.0,50.0,-
Concern Worldwide UK,concernuk,3,3,0,1,1,0,33.33333333333333,33.33333333333333,-
Conciliation Resources,cr,3,3,3,1,0,0,33.33333333333333,0.0,0.0
Concordis International,concordis,0,0,0,0,0,0,-,-,-
Confederation of Danish Industry,di,1,1,1,0,0,0,0.0,0.0,0.0
Conflict Dynamics International,cdi,0,0,0,0,0,0,-,-,-
"Conflict, Stability and Security Fund",cssf,0,0,0,0,0,0,-,-,-
Congodorpen vzw,congodorpen,0,0,0,0,0,0,-,-,-
Conseil et Appui pour l'Education à la Base Mali,caeb_mali,1,1,1,1,1,1,100.0,100.0,100.0
Consortium for Street Children,csc,1,1,1,0,0,0,0.0,0.0,0.0
Construction Sector Transparency Initiative (CoST),cost_uk,38,38,38,0,0,0,0.0,0.0,0.0
convention de la société civile ivoirienne,csci_benkadi,1,1,1,1,1,1,100.0,100.0,100.0
Coopération par l'Education et la Culture,cec,0,0,0,0,0,0,-,-,-
Cord,cord,0,0,0,0,0,0,-,-,-
Cordaid,cordaid,38,38,17,7,6,1,18.421052631578945,15.789473684210526,5.88235294117647
Corporación de Apoyo a Comunidades Populares,codacop,1,1,1,0,0,0,0.0,0.0,0.0
Corus International,corus,0,0,0,0,0,0,-,-,-
Cowater International Inc,cowater,5,5,4,2,1,0,40.0,20.0,0.0
Cowater UK Limited,cowateruk,1,1,0,1,0,0,100.0,0.0,-
COWI,cowi,0,0,0,0,0,0,-,-,-
Coöperatief Climate Fund Managers U.A.,cfm,22,22,22,1,0,0,4.545454545454546,0.0,0.0
CRANE,crane,1,1,1,0,0,0,0.0,0.0,0.0
CREA,creausa-org,52,52,52,6,6,6,11.538461538461538,11.538461538461538,11.538461538461538
Croix-Rouge de Belgique Communauté francophone - Activités internationales ASBL,crb-ai_admin,0,0,0,0,0,0,-,-,-
Cross-Government Prosperity Fund,prosperityfund,0,0,0,0,0,0,-,-,-
Crown Agents Limited,cal,0,0,0,0,0,0,-,-,-
CUAMM Trustees,cuammtrustees,0,0,0,0,0,0,-,-,-
Cyan International,cyan,0,0,0,0,0,0,-,-,-
D. Capital Partners,dcapitalpartners,13,13,13,0,0,0,0.0,0.0,0.0
DAI Europe,dai-e,13,13,11,7,7,3,53.84615384615385,53.84615384615385,27.27272727272727
DAI Global Health,healthpartners-international,0,0,0,0,0,0,-,-,-
Damiaanactie / Action Damien,damien-foundation,4,4,4,0,0,0,0.0,0.0,0.0
dance4life,dance4life,0,0,0,0,0,0,-,-,-
DanChurchAid,dca,2,2,2,0,0,0,0.0,0.0,0.0
Danish Family Planning Association,dfpa,1,1,1,1,1,1,100.0,100.0,100.0
Danish Red Cross,danishrc,6,6,6,0,0,0,0.0,0.0,0.0
Danish Refugee Council,drc,10,10,8,4,5,4,40.0,50.0,50.0
Danish Trade Union Development Agency (Ulandssekretariatet),loftf,2,2,2,1,0,0,50.0,0.0,0.0
Danmission,danmission,5,5,3,3,3,1,60.0,60.0,33.33333333333333
Data4Development,d4d,0,0,0,0,0,0,-,-,-
David Gordon Memorial Hospital,dgmh,0,0,0,0,0,0,-,-,-
Dawuro Development Association,dawuro_da,0,0,0,0,0,0,-,-,-
DCAF - Geneva Centre for Security Sector Governance,dcaf,6,6,6,3,0,0,50.0,0.0,0.0
DeafKidz International,dki1151219,0,0,0,0,0,0,-,-,-
DECP,decp,0,0,0,0,0,0,-,-,-
Defence for Children International Netherlands - ECPAT Netherlands,dciecpatnl,10,10,10,10,10,10,100.0,100.0,100.0
DefendDefenders,defenddefenders,8,8,8,8,8,8,100.0,100.0,100.0
Delivery Associates Ltd,delivery_associates,0,0,0,0,0,0,-,-,-
Deloitte Touche Tohmatsu India LLP,dttillp,0,0,0,0,0,0,-,-,-
Democracy Reporting International gGmbH,dri,0,0,0,0,0,0,-,-,-
Democratic Governance Facility,dgf,3,3,3,3,0,0,100.0,0.0,0.0
"Denmark - Ministry of Foreign Affairs, Danida",danida,878,878,678,330,152,58,37.58542141230068,17.312072892938495,8.55457227138643
Department for International Trade,dit,0,0,0,0,0,0,-,-,-
Desmond Tutu HIV Foundation,dthfxx12,4,4,4,0,0,0,0.0,0.0,0.0
Development Aid from People to People (DAPP) Malawi,dapp,3,3,3,0,0,0,0.0,0.0,0.0
Development Expertise Center,dec_ethiopia,1,1,1,1,0,0,100.0,0.0,0.0
Development Initiatives Poverty Research,dipr,2,2,2,2,2,0,100.0,100.0,0.0
Development Media International,dmi_admin,0,0,0,0,0,0,-,-,-
Development Organisation of the Rural Poor,dorp-org,0,0,0,0,0,0,-,-,-
Developments In Literacy Trust UK,diltuk,0,0,0,0,0,0,-,-,-
Diakonia Sweden,diakonia802017-3517,0,0,0,0,0,0,-,-,-
Digital Campus,dc,0,0,0,0,0,0,-,-,-
Direcção Provincial de Saúde de Nampula,dps-nampula,0,0,0,0,0,0,-,-,-
Disability and Development Partners,ddp,6,6,6,0,0,0,0.0,0.0,0.0
Disability Rights Advocacy Fund,draf,0,0,0,0,0,0,-,-,-
Disability Rights Fund,drf,0,0,0,0,0,0,-,-,-
Disabled People's Organisations Denmark,dpod,22,22,13,21,16,8,95.45454545454545,72.72727272727273,61.53846153846154
Disasters Emergency Committee,dec-uk,3,3,2,0,0,0,0.0,0.0,0.0
"Discovery Learning Alliance, Inc.",dla,0,0,0,0,0,0,-,-,-
Djapo,djapo,0,0,0,0,0,0,-,-,-
DKT - (Pakistan),dkt,5,5,5,0,0,0,0.0,0.0,0.0
DKT Ethiopia,dkt_ethiopia,1,1,1,0,0,0,0.0,0.0,0.0
DKT International,dkti,1,1,1,0,0,0,0.0,0.0,0.0
DKT RD Congo,dkt_drc,1,1,1,0,0,0,0.0,0.0,0.0
DNH Mali (Direction Nationale de l’Hydraulique du Mali),pca-gire,0,0,0,0,0,0,-,-,-
Doctors of the World (NL)/ Dokters van de Wereld,mdmnl,2,2,2,2,0,0,100.0,0.0,0.0
Doctors of the World UK,dotw_uk,0,0,0,0,0,0,-,-,-
Doctors with Africa CUAMM,cuamm,7,7,7,0,0,0,0.0,0.0,0.0
Dorcas Aid International,dai,8,8,7,2,1,0,25.0,12.5,0.0
Down syndrome Foundation Nigeria,dsfn,1,1,1,0,0,0,0.0,0.0,0.0
Drugs for Neglected Diseases initiative,dndi_transparency,14,14,14,0,0,0,0.0,0.0,0.0
DUF - The Danish Youth Council,duf,11,11,9,5,3,0,45.45454545454545,27.27272727272727,0.0
Dynamo International asbl,dynamo_international,0,0,0,0,0,0,-,-,-
Défi Belgique Afrique,dba,0,0,0,0,0,0,-,-,-
Dóchas - Irish Association of Non Governmental Development Organisations,dochas,22,22,22,0,0,0,0.0,0.0,0.0
Earthworm Foundation,ewf,0,0,0,0,0,0,-,-,-
East African Playgrounds,eap,1,1,1,1,0,0,100.0,0.0,0.0
ECDPM,ecdpm,0,0,0,0,0,0,-,-,-
Echos Communication,ec,0,0,0,0,0,0,-,-,-
Eclosio,eclosio,0,0,0,0,0,0,-,-,-
Economic and Social Fund for Development,esfd,1,1,1,0,0,0,0.0,0.0,0.0
Economic and Social Research Foundation (ESRF),esrf,1,1,1,0,0,0,0.0,0.0,0.0
Ecorys Nederland B.V.,ecorysnl,0,0,0,0,0,0,-,-,-
Ecorys UK,ecuk,6,6,5,5,1,0,83.33333333333334,16.666666666666664,0.0
Educate!,educate,0,0,0,0,0,0,-,-,-
Education Development Trust,eddevtrust,2,2,2,0,0,0,0.0,0.0,0.0
Education Development Trust,edt_kenya,0,0,0,0,0,0,-,-,-
EDUCATION DEVELOPMENT TRUST - RWANDA,edt_rwanda,2,2,0,0,0,0,0.0,0.0,-
Edukans Foundation,edukans_foundation,2,2,1,2,2,1,100.0,100.0,100.0
ELEVATE Hong Kong Holdings Limited,elevatelimited,0,0,0,0,0,0,-,-,-
Elrha,elrha,2,2,2,0,0,0,0.0,0.0,0.0
Elton John AIDS Foundation,ejaf,1,1,0,1,1,0,100.0,100.0,-
Emissa,emissa,0,0,0,0,0,0,-,-,-
Emmanuel International UK,eiuk,0,0,0,0,0,0,-,-,-
EMMS International,emms,10,10,9,1,1,1,10.0,10.0,11.11111111111111
Energy 4 Impact,e4i,2,2,2,0,0,0,0.0,0.0,0.0
Energy Saving Trust,energy_saving_trust,0,0,0,0,0,0,-,-,-
Enfance Tiers Monde Kinderen Derde Wereld,etmkdw,0,0,0,0,0,0,-,-,-
EngenderHealth,ehorg,1,1,1,0,0,0,0.0,0.0,0.0
EngenderHealth Ethiopia,engenderhealth_eth,2,2,2,1,0,0,50.0,0.0,0.0
Engineers Without Borders Canada,ewb_canada,4,4,4,0,0,0,0.0,0.0,0.0
Enhanced Integrated Framework,eif,1,1,1,0,0,0,0.0,0.0,0.0
Enroot,nroot,0,0,0,0,0,0,-,-,-
"Entiqal for Training ""Partners for Good""",pfg,0,0,0,0,0,0,-,-,-
Entraide et Fraternité,ef_,0,0,0,0,0,0,-,-,-
Environmental Centre for Oil Spills and Gas Flaring (NACGOND),nacgond-,6,6,6,0,0,0,0.0,0.0,0.0
Equality Now,e_n,5,5,5,1,1,1,20.0,20.0,20.0
equileap,equileap,1,1,1,0,0,0,0.0,0.0,0.0
Ethical Trading Initiative,eti,4,4,4,3,3,3,75.0,75.0,75.0
Ethiopiaid Ireland,ethiopiaidireland,8,8,8,0,0,0,0.0,0.0,0.0
Ethiopiaid UK,ethiopiaiduk,22,22,22,0,0,0,0.0,0.0,0.0
Ethiopian Horticulture Producer Exporters Association (EHPEA),ehpea,0,0,0,0,0,0,-,-,-
Ethiopian Public Health Association,epha,0,0,0,0,0,0,-,-,-
Ethiopian Women Lawyers Association,ewla,1,1,1,1,0,0,100.0,0.0,0.0
Ethiopian Women with Disabilities National Assocation,ewdna2025,1,1,1,1,1,1,100.0,100.0,100.0
Eurasia Partnership Foundation,epf,1,1,1,0,0,0,0.0,0.0,0.0
European Bank for Reconstruction and Development,ebrd,1037,1037,992,450,0,0,43.39440694310511,0.0,0.0
European Commission - Humanitarian Aid & Civil Protection,ec-echo,161,161,65,77,160,40,47.82608695652174,99.37888198757764,61.53846153846154
European Commission - International Partnerships,ec-intpa,3449,3449,2123,2369,1939,72,68.68657581907799,56.219193969266456,3.391427225624117
European Commission - Neighbourhood and Enlargement Negotiations,ec-near,1603,1603,953,940,1017,465,58.64004990642545,63.44354335620711,48.79328436516264
European Commission - Service for Foreign Policy Instruments,ec-fpi,213,213,72,0,0,0,0.0,0.0,0.0
European Forest Institute,efi,2,2,2,0,0,0,0.0,0.0,0.0
European Institute of Peace,eip,6,6,6,0,0,0,0.0,0.0,0.0
European Investment Bank,eib,366,366,356,366,0,0,100.0,0.0,0.0
European Journalism Centre,ejc,3,3,3,0,0,0,0.0,0.0,0.0
Eve Organization for Women Development,eveowd,1,1,1,1,1,1,100.0,100.0,100.0
EveryChild,evc,0,0,0,0,0,0,-,-,-
Excellent Development,excellent,0,0,0,0,0,0,-,-,-
Exeter Ethiopia Link,eel,0,0,0,0,0,0,-,-,-
Fair Wear Foundation,fwf,10,10,10,10,10,10,100.0,100.0,100.0
FairChain Foundation,fc-f,1,1,1,1,1,0,100.0,100.0,0.0
Fairfood International,fairfood,5,5,5,5,5,3,100.0,100.0,60.0
Fairtrade Belgium,fairtrade_be,0,0,0,0,0,0,-,-,-
Fairtrade Labelling Organizations International e.V.,fairtrade_international,0,0,0,0,0,0,-,-,-
Faith to Action Network,f2a,8,8,7,7,7,7,87.5,87.5,100.0
Family Aids Caring Trust,fact,1,1,1,0,0,0,0.0,0.0,0.0
Family Counseling and Development Foundation,fcdf,0,0,0,0,0,0,-,-,-
Family Guidance Association of Ethiopia,fgae_ethiopia,0,0,0,0,0,0,-,-,-
Family Life Education Program,flepuganda,0,0,0,0,0,0,-,-,-
Farm Africa,fa,0,0,0,0,0,0,-,-,-
Farm Concern International,fci,0,0,0,0,0,0,-,-,-
Fauna & Flora International,ffi_publisher,0,0,0,0,0,0,-,-,-
Federation of Women Lawyers Kenya,fida,1,1,1,1,1,1,100.0,100.0,100.0
Feed the Minds,ftm-291333,1,1,1,0,0,0,0.0,0.0,0.0
FHI360,fhi360,5,5,5,1,0,0,20.0,0.0,0.0
Fiabel,fiabel,0,0,0,0,0,0,-,-,-
FIAN Belgium,fian-belgium,0,0,0,0,0,0,-,-,-
"Field Ready, USA",field_ready,0,0,0,0,0,0,-,-,-
Fiftyfifty,fiftyfifty-lb,1,1,1,0,0,0,0.0,0.0,0.0
Fight Hunger Foundation,fhf,1,1,1,0,0,0,0.0,0.0,0.0
Financial Sector Deepening Trust (Kenya),fsdk,4,4,4,3,1,1,75.0,25.0,25.0
Financial Sector Deepening Uganda,fsduganda,0,0,0,0,0,0,-,-,-
FIND,finddiagnostics,0,0,0,0,0,0,-,-,-
Find Your Feet,fyf,1,1,1,0,0,0,0.0,0.0,0.0
Finland - Ministry for Foreign Affairs,finland_mfa,536,536,384,298,166,150,55.59701492537313,30.970149253731343,39.0625
Finn Church Aid (Kirkon Ulkomaanapu sr),fca,1,1,1,1,1,1,100.0,100.0,100.0
FMO,fmo,282,282,239,0,0,0,0.0,0.0,0.0
FONCABA ASBL KBA VZW,foncaba,0,0,0,0,0,0,-,-,-
Fondation Hirondelle,fh_ch,0,0,0,0,0,0,-,-,-
Fondo Centroamericano de Mujeres,fcam,1,1,1,0,0,0,0.0,0.0,0.0
Fonds voor Ontwikkelingssamenwerking - Socialistische Solidariteit VZW,fos,0,0,0,0,0,0,-,-,-
Food and Agriculture Organization of the United Nations (FAO),fao,0,0,0,0,0,0,-,-,-
Food for the Hungry UK,fh,1,1,1,0,0,0,0.0,0.0,0.0
Forest Trends Association,forest-trends,1,1,1,0,0,0,0.0,0.0,0.0
Forests Monitor,fm,0,0,0,0,0,0,-,-,-
Forever Sabah,fs,0,0,0,0,0,0,-,-,-
Forschungsinstitut zur Zukunft der Arbeit GmbH (IZA),iza,1,1,1,0,0,0,0.0,0.0,0.0
Forum for Africa Women Educationalist Regional Secretariat,fawe-rs,16,16,16,7,0,0,43.75,0.0,0.0
forum for women in democracy,fowode,1,1,1,1,1,1,100.0,100.0,100.0
Forum Universitaire pour la Coopération Internationale au Développement -FUCID ASBL,fucid,0,0,0,0,0,0,-,-,-
Foundation for Social Improvement,the_fsi,1,1,1,1,0,0,100.0,0.0,0.0
France - Ministry for Europe and Foreign Affairs,france,344,344,344,0,0,0,0.0,0.0,0.0
FRANK Water,frankwater,0,0,0,0,0,0,-,-,-
Free a Girl,freeagirl,0,0,0,0,0,0,-,-,-
Free Press Unlimited,free_press_unlimited,2,2,1,0,0,0,0.0,0.0,0.0
Freedom Forum,ff,0,0,0,0,0,0,-,-,-
Friends of Kipkelion,kipkelion,0,0,0,0,0,0,-,-,-
Friends of Publish What You Fund,friendsofpwyf,2,2,2,0,0,0,0.0,0.0,0.0
"Friends of the Earth England, Wales and Northern Ireland",foe_ewni,0,0,0,0,0,0,-,-,-
Friends of the Earth International,foei,1,1,1,1,1,1,100.0,100.0,100.0
Friends of the Earth-Ghana,foe-ghana,1,1,1,0,0,0,0.0,0.0,0.0
Frontline AIDS,f-aids,0,0,0,0,0,0,-,-,-
FSD Africa,fsdafrica,0,0,0,0,0,0,-,-,-
Fundacion Acceso,fundacion-acceso,0,0,0,0,0,0,-,-,-
Fundación Avina,fundacionavina,3,3,3,3,3,3,100.0,100.0,100.0
Fundación Fondo Mujeres del Sur,fms,1,1,1,1,1,1,100.0,100.0,100.0
Fundación Gaia Amazonas,gaia,3,3,3,3,3,3,100.0,100.0,100.0
Fundación Oriéntame,orientame,1,1,1,0,0,0,0.0,0.0,0.0
Fundo de Investimento e Patrimonio do Abastecimento de Água (FIPAG),fipag,1,1,1,0,0,0,0.0,0.0,0.0
GALZ,galz,3,3,3,2,0,0,66.66666666666666,0.0,0.0
"Gavi, the vaccine alliance",gavi,25,25,7,25,20,7,100.0,80.0,100.0
GEF Secretariat,gef,756,756,643,0,0,0,0.0,0.0,0.0
GEMS Education Solutions,mgcubed,0,0,0,0,0,0,-,-,-
Gender at Work,genderatwork,7,7,7,7,7,7,100.0,100.0,100.0
Gender Equality Network,gen,0,0,0,0,0,0,-,-,-
Gender Links,gl,6,6,6,0,0,0,0.0,0.0,0.0
Geneva International Centre for Humanitarian Demining,gichd,11,11,0,11,11,0,100.0,100.0,-
GEOMOUN ASBL,geomoun,0,0,0,0,0,0,-,-,-
Germany - Federal Foreign Office,fo_germany,272,272,112,252,227,81,92.64705882352942,83.45588235294117,72.32142857142857
Germany - Ministry for Economic Cooperation and Development,bmz,5235,5235,3639,2102,1782,985,40.15281757402101,34.04011461318051,27.067875790052216
Germany GIZ Non BMZ,giz,21,21,13,21,19,8,100.0,90.47619047619048,61.53846153846154
GHANA NETHERLANDS BUSINESS & CULTURE COUNCIL,gnbcc,1,1,1,1,0,0,100.0,0.0,0.0
Girls Not Brides: The Global Partnership to End Child Marriage,girlsnotbrides,0,0,0,0,0,0,-,-,-
Girls’ Education Challenge – Fund Manager PwC,gecfundmanagerpwc,3,3,3,2,2,2,66.66666666666666,66.66666666666666,66.66666666666666
Giro555 (Stichting Samenwerkende Hulporganisaties),giro555,1,1,1,1,1,0,100.0,100.0,0.0
GiveDirectly,givedirectly,0,0,0,0,0,0,-,-,-
Global Action Nepal,gan,0,0,0,0,0,0,-,-,-
Global Alliance for Livestock Veterinary Medicines,galvmed,1,1,1,1,1,1,100.0,100.0,100.0
Global Alliance for TB Drug Development,tb-a,2,2,2,0,0,0,0.0,0.0,0.0
Global Anaesthesia Development Partnerships,gadp,2,2,2,0,0,0,0.0,0.0,0.0
Global Antibiotic Research and Development Partnership,gardp,9,9,9,0,0,0,0.0,0.0,0.0
Global Canopy,globalcanopy,0,0,0,0,0,0,-,-,-
Global Disability Innovation Hub,gdihub,4,4,4,0,0,0,0.0,0.0,0.0
Global Focus,globaltfokus,5,5,5,0,0,0,0.0,0.0,0.0
Global Fund for Community Foundations,gfcf,1,1,1,1,1,1,100.0,100.0,100.0
Global Fund to End Modern Slavery,gfems,10,10,10,0,0,0,0.0,0.0,0.0
Global Green Growth Institute (GGGI),gggi,33,33,19,0,0,0,0.0,0.0,0.0
Global Impact Investing Network,giin,1,1,1,1,0,0,100.0,0.0,0.0
Global Innovation Fund,gif,23,23,21,0,0,0,0.0,0.0,0.0
Global Network of People Living with HIV (GNP+),gnpplus,9,9,9,2,2,2,22.22222222222222,22.22222222222222,22.22222222222222
Global Network of Sex Work Projects (NSWP),nswp,0,0,0,0,0,0,-,-,-
Global Partnership for Education,gpe,0,0,0,0,0,0,-,-,-
Global Rights Compliance,grc2018,29,29,29,19,0,0,65.51724137931035,0.0,0.0
Global Water Partnership,gwp,3,3,3,3,0,0,100.0,0.0,0.0
Global Witness,globalwitness,0,0,0,0,0,0,-,-,-
GlobalGiving.org,globalgiving,0,0,0,0,0,0,-,-,-
GOAL,goal,0,0,0,0,0,0,-,-,-
GOGLA - Global Off-Grid Lighting Association,gogla,0,0,0,0,0,0,-,-,-
GoodWeave International,goodweave_intl,0,0,0,0,0,0,-,-,-
Goree Institute,gorin,0,0,0,0,0,0,-,-,-
GPPAC Foundation,gppac,0,0,0,0,0,0,-,-,-
Grand Challenges Canada,hgc,2,2,0,2,0,0,100.0,0.0,-
Greater Virunga Transboundary Collaboration,gvtc,1,1,1,1,1,1,100.0,100.0,100.0
Ground Truth Solutions,ground-truth-solutions,0,0,0,0,0,0,-,-,-
Groupe Pivot Santé Population,gpsp-org,0,0,0,0,0,0,-,-,-
Grow Asia,growasia,0,0,0,0,0,0,-,-,-
Grow Movement,growmovement_admin,2,2,2,0,0,0,0.0,0.0,0.0
GSMA Foundation,gsma_foundation,0,0,0,0,0,0,-,-,-
Gulu University,guluuni,0,0,0,0,0,0,-,-,-
Guttmacher Institute,guttmacher,1,1,0,1,0,0,100.0,0.0,-
Hagar International UK,hagar_uk,0,0,0,0,0,0,-,-,-
Haiti Hospital Appeal,hha,0,0,0,0,0,0,-,-,-
Hand in Hand International,handinhand,1,1,1,0,0,0,0.0,0.0,0.0
Handicap International Belgique,hib,0,0,0,0,0,0,-,-,-
Handicap International Federation,hi_fed,6,6,2,6,4,2,100.0,66.66666666666666,100.0
Handicap International UK,hiuk,7,7,5,3,4,2,42.857142857142854,57.14285714285714,40.0
Health Development Initiative,hdi,1,1,1,0,0,0,0.0,0.0,0.0
Health Insurance Fund,hif,1,1,1,0,0,0,0.0,0.0,0.0
Health Poverty Action,hpa,0,0,0,0,0,0,-,-,-
HealthNet TPO,healthnet,2,2,2,2,2,2,100.0,100.0,100.0
HealthProm,hp_12,1,1,1,0,0,0,0.0,0.0,0.0
Healthright International-Kenya,hri,0,0,0,0,0,0,-,-,-
Healthy Entrepreneurs Foundation,hefoundation,1,1,1,1,0,0,100.0,0.0,0.0
Heartland Alliance International,ha-i,1,1,1,0,0,0,0.0,0.0,0.0
Heifer International South Africa,hsa,1,1,1,0,0,0,0.0,0.0,0.0
Heifer Nederland,heifernederland,0,0,0,0,0,0,-,-,-
HelpAge International,helpage_international,4,4,1,3,3,1,75.0,75.0,100.0
HelpAge International UK,ageintl,2,2,1,1,1,0,50.0,50.0,0.0
Helvetas Swiss Intercooperation,hsi,0,0,0,0,0,0,-,-,-
Hiber for Electronic Media,7iberdotcom,1,1,0,1,1,0,100.0,100.0,-
Higher Population Council,hpc,1,1,1,0,0,0,0.0,0.0,0.0
HiiL innovating Justice,hiil_mfa,12,12,12,5,5,5,41.66666666666667,41.66666666666667,41.66666666666667
Hilfswerk Austria Zimbabwe,hwa-zm,0,0,0,0,0,0,-,-,-
Hivos,stichting_hivos,28,28,26,5,5,4,17.857142857142858,17.857142857142858,15.384615384615385
HM Treasury,hmtfitb,2,2,2,0,0,0,0.0,0.0,0.0
Homeless International,hi,0,0,0,0,0,0,-,-,-
Hope and Homes for Children,hhc,0,0,0,0,0,0,-,-,-
Hope for Children,hfc,1,1,1,0,0,0,0.0,0.0,0.0
Horizons for Green Development,horizons,0,0,0,0,0,0,-,-,-
Hospice Africa Ltd,hauk,1,1,1,0,0,0,0.0,0.0,0.0
HRWG Indonesia,hrwg_indonesia,1,1,1,1,0,0,100.0,0.0,0.0
HTSPE,htspe,1,1,1,0,0,0,0.0,0.0,0.0
Huairou Commission,hc2022,6,6,6,6,6,6,100.0,100.0,100.0
Human Relief Foundation,hrf,0,0,0,0,0,0,-,-,-
Humanitarian Quality Assurance Initiative,hqai,1,1,1,0,0,0,0.0,0.0,0.0
I Choose Life Africa,ke-ngc-3372,1,1,1,0,0,0,0.0,0.0,0.0
Ibrahimia Media Center,imc-2021,1,1,1,1,1,1,100.0,100.0,100.0
ICA:UK,icauk,2,2,2,0,0,0,0.0,0.0,0.0
ICCO Cooperation,icco-cooperation,7,7,6,3,2,3,42.857142857142854,28.57142857142857,50.0
ICF Consulting Services Ltd,icf,1,1,1,1,1,0,100.0,100.0,0.0
ICS,ics,0,0,0,0,0,0,-,-,-
IDB Invest,idbinvest,1754,1754,1754,1754,1754,1754,100.0,100.0,100.0
iDE,ide,0,0,0,0,0,0,-,-,-
IDEO.org,ideo_org,1,1,1,0,0,0,0.0,0.0,0.0
IDH Investment Management B.V.,idh_im,0,0,0,0,0,0,-,-,-
"IDH, the Sustainable Trade Initiative",idh,29,29,28,27,0,0,93.10344827586206,0.0,0.0
IDinsight,idinsight,2,2,2,0,0,0,0.0,0.0,0.0
IDOM INGENIERIA,idom_mx,0,0,0,0,0,0,-,-,-
IFOAM - Organics International,ifoam,56,56,56,0,0,0,0.0,0.0,0.0
IHE Delft Institute for Water Education,ihedelft,3,3,3,2,2,1,66.66666666666666,66.66666666666666,33.33333333333333
Iles de Paix,idp,0,0,0,0,0,0,-,-,-
ILGA Asia,ilgaasia,2,2,2,2,0,0,100.0,0.0,0.0
IMA World Health,us-imawh,1,1,1,0,0,0,0.0,0.0,0.0
IMC WORLDWIDE,imcw_admin,16,16,14,1,3,0,6.25,18.75,0.0
IMD Moçambique,imdmozambique,4,4,4,0,0,0,0.0,0.0,0.0
IMPACT Initiatives,impact_initiatives,2,2,2,0,0,0,0.0,0.0,0.0
"Imperial College of Science, Technology and Medicine",imperial,2,2,0,2,0,0,100.0,0.0,-
Impunity Watch,iw_admin,1,1,1,0,0,0,0.0,0.0,0.0
Index Initiative Foundation,iif,0,0,0,0,0,0,-,-,-
Indigo Trust,indtrust,1,1,1,0,0,0,0.0,0.0,0.0
inHive,inhive,0,0,0,0,0,0,-,-,-
Iniciativa Climatica de Mexico,icm_mx,0,0,0,0,0,0,-,-,-
Initiative Sankofa d'Afrique de l'Ouest,isdao,3,3,3,3,1,1,100.0,33.33333333333333,33.33333333333333
Innovate UK KTN,ktn,1,1,1,1,1,0,100.0,100.0,0.0
Instiglio,instiglio,0,0,0,0,0,0,-,-,-
Institut de Formation Syndical International - Internationaal Syndicaal Vormingsinstituut,ifsi_isvi,0,0,0,0,0,0,-,-,-
"Institut National de l'Eau, Benin",ine_benin,0,0,0,0,0,0,-,-,-
Institute for International Workers Education,iiwe,0,0,0,0,0,0,-,-,-
Institute for Policy Research and Advocacy (ELSAM),elsam,1,1,1,0,0,0,0.0,0.0,0.0
Institute for Security Studies,issafrica,0,0,0,0,0,0,-,-,-
Institute for War & Peace Reporting,iwpr,9,9,9,0,0,0,0.0,0.0,0.0
Institute of Development Studies,ids,5,5,4,3,2,1,60.0,40.0,25.0
Institute of Tropical Medicine,itm,0,0,0,0,0,0,-,-,-
Instituto BVRio,bvrio,1,1,1,0,0,0,0.0,0.0,0.0
Integrated Water Resources Management Programme,iwrm,2,2,2,0,0,0,0.0,0.0,0.0
Integrity Action,integrity_action,1,1,1,0,0,0,0.0,0.0,0.0
Integrity Research and Consultancy Ltd,integrity,5,5,5,0,0,0,0.0,0.0,0.0
Inter-American Development Bank,iadb,256,256,195,256,256,195,100.0,100.0,100.0
Interact Worldwide,iww_publish,0,0,0,0,0,0,-,-,-
InterAction,interaction,0,0,0,0,0,0,-,-,-
InterAction's NGO Aid Map,ia_nam,201,201,172,0,0,0,0.0,0.0,0.0
interburns,interburns,0,0,0,0,0,0,-,-,-
InterClimate Network,icn,1,1,1,0,0,0,0.0,0.0,0.0
International Aids Vaccine Initiative (IAVI),iavi,0,0,0,0,0,0,-,-,-
International Alert,international-alert,17,17,10,2,2,0,11.76470588235294,11.76470588235294,0.0
International Bureau of Fiscal Documentation (IBFD),ibfd,6,6,5,1,0,0,16.666666666666664,0.0,0.0
International Campaign Women´s Right to Safe Abortion,icwrsa,2,2,2,0,0,0,0.0,0.0,0.0
International Center for Not-for-Profit Law,icnl_org,1,1,1,1,0,0,100.0,0.0,0.0
International Center for Transitional Justice,ictj,22,22,21,15,0,0,68.18181818181817,0.0,0.0
International Centre for Antimicrobial Resistance Solutions,icars,1,1,1,1,0,0,100.0,0.0,0.0
"International Centre for Diarrhoeal Disease Research, Bangladesh (icddr,b)",icddrb,1,1,1,0,0,0,0.0,0.0,0.0
International Centre for Migration Policy Development,icmpd,5,5,5,0,0,0,0.0,0.0,0.0
International Centre of Insect Physiology and Ecology (icipe),icipe,2,2,2,0,0,0,0.0,0.0,0.0
International Child Development Initiatives,icdi,0,0,0,0,0,0,-,-,-
International Climate Initiative / BMU - IKI Secretariat,bmu_iki,153,153,97,0,0,0,0.0,0.0,0.0
International Committee of the Red Cross (ICRC),icrc,0,0,0,0,0,0,-,-,-
International Council of Voluntary Agencies,icva,0,0,0,0,0,0,-,-,-
International Crisis Group,crisisgroup,2,2,1,2,0,0,100.0,0.0,0.0
International Development Law Organization (IDLO),idlo,22,22,9,0,0,0,0.0,0.0,0.0
INTERNATIONAL DISABILITY ALLIANCE,ida,9,9,9,7,7,7,77.77777777777779,77.77777777777779,77.77777777777779
International Federation of Accountants,ifac,6,6,6,0,0,0,0.0,0.0,0.0
International Federation of the Red Cross and Red Crescent (IFRC),ifrcrcs,324,324,206,0,3,0,0.0,0.9259259259259258,0.0
International Fertilizer Development Center,ifdc-us,4,4,3,0,0,0,0.0,0.0,0.0
International Finance Corporation,ifcwbg,5771,5771,5771,37,0,0,0.6411367180731242,0.0,0.0
International Food Policy Research Institute,ifpri,1,1,1,0,0,0,0.0,0.0,0.0
International Fund for Agricultural Development (IFAD),ifad,226,226,195,0,0,0,0.0,0.0,0.0
International IDEA,idea,0,0,0,0,0,0,-,-,-
International Indigenous Women Forum,fimi_iiwf_2019,4,4,4,2,2,2,50.0,50.0,50.0
International Initiative for Impact Evaluation,3ie,1,1,1,0,0,0,0.0,0.0,0.0
International Institute for Environment and Development,iied,3,3,2,0,0,0,0.0,0.0,0.0
International Labour Organization (ILO),ilo,1001,1001,0,998,277,0,99.7002997002997,27.672327672327672,-
International Media Support,ims,2,2,2,2,2,1,100.0,100.0,50.0
International Medical Corps UK,imc_uk,3,3,3,0,0,0,0.0,0.0,0.0
International Monetary Fund,imf,2,2,2,0,0,0,0.0,0.0,0.0
International Nepal Fellowship Nepal,infnepal,1,1,1,1,1,1,100.0,100.0,100.0
International Network for Advancing Science and Policy,inasp,0,0,0,0,0,0,-,-,-
International Network for Bamboo and Rattan (INBAR),inbar,30,30,12,18,0,0,60.0,0.0,0.0
International Network of People who Use Drugs (INPUD),inpud_admin,2,2,2,0,0,0,0.0,0.0,0.0
International NGO Safety Orgnisation,inso,3,3,3,0,0,0,0.0,0.0,0.0
International Organization for Migration (IOM),iom,446,446,168,432,436,165,96.8609865470852,97.75784753363229,98.21428571428571
International Planned Parenthood Federation,ippf,4,4,3,2,1,0,50.0,25.0,0.0
International Potato Center,cip,0,0,0,0,0,0,-,-,-
International Primary Care Respiratory Group,ipcrg,0,0,0,0,0,0,-,-,-
International Procurement Agency,ipa,16,16,16,0,0,0,0.0,0.0,0.0
International Rescue Committee UK,irc_uk,9,9,7,4,4,1,44.44444444444444,44.44444444444444,14.285714285714285
International Service,unais,0,0,0,0,0,0,-,-,-
International Trade Centre (ITC),itc,21,21,13,20,18,8,95.23809523809523,85.71428571428571,61.53846153846154
International Treatment Preparedness Coalition (ITPC),itpc,0,0,0,0,0,0,-,-,-
International Union for Conservation of Nature and Natural Resources,iucn,1,1,1,0,0,0,0.0,0.0,0.0
International Women's Development Agency,iwda,0,0,0,0,0,0,-,-,-
International Women's Rights Action Watch Asia Pacific,iwrawasiapacific,10,10,10,0,0,0,0.0,0.0,0.0
International Youth Alliance for Family Planning,iyafp,0,0,0,0,0,0,-,-,-
Internews Europe,ieu,3,3,3,1,1,1,33.33333333333333,33.33333333333333,33.33333333333333
Interpeace,interpeace,15,15,11,0,0,0,0.0,0.0,0.0
INTERSOS Onlus,intersos_main,1,1,1,1,1,1,100.0,100.0,100.0
INTOSAI Development Initiative,idi,8,8,0,0,0,0,0.0,0.0,-
INTRAC,intrac,0,0,0,0,0,0,-,-,-
IntraHealth International,intrahealth,0,0,0,0,0,0,-,-,-
InvestInternational,investinternational,6,6,5,5,0,0,83.33333333333334,0.0,0.0
IOD PARC,iodparc,1,1,1,0,0,0,0.0,0.0,0.0
iPartner India,ip-india,0,0,0,0,0,0,-,-,-
Ipas,ipas,3,3,3,0,0,0,0.0,0.0,0.0
IPE Global Limited,ipeglobal,2,2,1,2,1,0,100.0,50.0,0.0
Iraq Foundation,iraq_foundation,9,9,9,0,0,0,0.0,0.0,0.0
IRC,irc,0,0,0,0,0,0,-,-,-
Ireland - Department of Foreign Affairs,irishaid,0,0,0,0,0,0,-,-,-
IREX (International Research and Exchange Board),irex,14,14,14,0,0,0,0.0,0.0,0.0
"Iringa Development of Youth, Disabled and Children Care",idydc,0,0,0,0,0,0,-,-,-
Irise International,irise_int,0,0,0,0,0,0,-,-,-
Irrawaddy Policy Exchange,ipe,0,0,0,0,0,0,-,-,-
Islamic Relief Worldwide,irw,2,2,1,2,1,1,100.0,50.0,100.0
IT for Change,itforchange,0,0,0,0,0,0,-,-,-
Itad,itad,6,6,6,0,1,0,0.0,16.666666666666664,0.0
ITECO - Centre de formation pour le développement,iteco,0,0,0,0,0,0,-,-,-
IUCN Nederlands Comité,iucn_nl,7,7,7,7,7,7,100.0,100.0,100.0
Japan International Cooperation Agency (JICA),jica,9533,9516,9499,0,0,0,0.0,0.0,0.0
Jeevika Trust,jeevika_trust,0,0,0,0,0,0,-,-,-
Jinja district union of persons with disabilities,jidu2021,1,1,1,0,0,0,0.0,0.0,0.0
Johns Hopkins University,gi-jhu,0,0,0,0,0,0,-,-,-
Jordan Open Source Association,josa,0,0,0,0,0,0,-,-,-
Jordan River Foundation,jrf,3,3,3,0,0,0,0.0,0.0,0.0
Jordan River Foundation,jrf_2022,1,1,1,1,1,1,100.0,100.0,100.0
Joshua Orphan and Community Care,jocc_uk,0,0,0,0,0,0,-,-,-
JoWomenomics,jowomenomics,0,0,0,0,0,0,-,-,-
Just Associates,jass,12,12,12,12,11,12,100.0,91.66666666666666,100.0
Justice For All Prison Fellowship Ethiopia,jfa-pfe,0,0,0,0,0,0,-,-,-
Kadaster International,kad,5,5,5,0,0,0,0.0,0.0,0.0
Karuna Mission Social Solidarity - KMSS,kmss,0,0,0,0,0,0,-,-,-
Karuna Trust,karuna,1,1,1,0,0,0,0.0,0.0,0.0
Kathmandu Medical College Public Limited,kmc,0,0,0,0,0,0,-,-,-
Kemitraan Bagi Pembaruan Tata Pemerintahan,kemitraan,1,1,1,0,0,0,0.0,0.0,0.0
Kenya Community Development Foundation,kcdf,0,0,0,0,0,0,-,-,-
Kenya National Commission on Human Rights,knchr,13,13,13,0,0,0,0.0,0.0,0.0
Kenya Private Sector Alliance,kepsa,2,2,2,0,0,0,0.0,0.0,0.0
Kepa ry,kepa,0,0,0,0,0,0,-,-,-
Kerk in Actie,kerk_in_actie,0,0,0,0,0,0,-,-,-
Kesho Kenya,kesho_kenya,0,0,0,0,0,0,-,-,-
kidasha,kidasha,0,0,0,0,0,0,-,-,-
King Hussein Foundation,khf,0,0,0,0,0,0,-,-,-
King Salman Humanitarian Aid and Relief Centre,ksrelief291,17,17,8,4,6,0,23.52941176470588,35.294117647058826,0.0
King's College London,kingscollegelondon,1,1,1,1,1,1,100.0,100.0,100.0
Kisumu Medical and Education Trust,kmet,0,0,0,0,0,0,-,-,-
KITUO CHA SHERIA,kituo,1,1,1,0,0,0,0.0,0.0,0.0
KIYO,kiyo,0,0,0,0,0,0,-,-,-
Koepel van de Vlaamse Noord-Zuidbeweging 11.11.11 VZW,111111_publisher,0,0,0,0,0,0,-,-,-
Koninklijk Nederlands Meteorologisch Instituut,knmi,0,0,0,0,0,0,-,-,-
KPMG East Africa,kpmgea,0,0,0,0,0,0,-,-,-
KPMG LLP,kpmgllp,0,0,0,0,0,0,-,-,-
Kvinna till Kvinna,ktk,3,3,3,3,3,3,100.0,100.0,100.0
KwaAfrica,kwaafrica,1,1,1,0,0,0,0.0,0.0,0.0
Kwame Nkrumah University of Science and Technology,knust,0,0,0,0,0,0,-,-,-
Kyiv School of Economics and Management,kse,0,0,0,0,0,0,-,-,-
LAMB Health Care Foundation,lhcf,1,1,1,0,0,0,0.0,0.0,0.0
Land Equity International,lei,1,1,1,1,0,0,100.0,0.0,0.0
Landell Mills,landell-mills,0,0,0,0,0,0,-,-,-
Larive International,larive,6,6,6,0,0,0,0.0,0.0,0.0
Laïcité et Humanisme en Afrique Centrale (LHAC),lhac,0,0,0,0,0,0,-,-,-
Le Monde selon les femmes asbl,mondefemmes,0,0,0,0,0,0,-,-,-
LEAD International,lead_international,0,0,0,0,0,0,-,-,-
Leaders of Tomorrow,sqf,1,1,1,0,0,0,0.0,0.0,0.0
Learning for Life,learningforlife,0,0,0,0,0,0,-,-,-
Legal Action Worldwide,law,0,0,0,0,0,0,-,-,-
Lemann Foundation,lemann,0,0,0,0,0,0,-,-,-
Leonard Cheshire Disability,lcd_admin,0,0,0,0,0,0,-,-,-
Lepra,lepra,0,0,0,0,0,0,-,-,-
Liga Internacional de Mujeres por la Paz y la Libertad - Limpal Colombia,limpal-colombia,1,1,1,1,1,1,100.0,100.0,100.0
Light Castle Partners,lcp,0,0,0,0,0,0,-,-,-
Light For The World Belgium,lftw-be,0,0,0,0,0,0,-,-,-
Light for the World International,lftw-int,2,2,2,2,2,1,100.0,100.0,50.0
Link Community Development International,lcdi_admin,3,3,3,2,2,2,66.66666666666666,66.66666666666666,66.66666666666666
Link Community Development Scotland,lcds,0,0,0,0,0,0,-,-,-
"Lithuania, Ministry of Foreign Affairs",lithuania_mfa,0,0,0,0,0,0,-,-,-
Lively Minds,livelyminds,0,0,0,0,0,0,-,-,-
Liverpool School of Tropical Medicine,lstm,5,5,4,3,3,1,60.0,60.0,25.0
Living Earth Foundation,livingearth12,3,3,3,0,0,0,0.0,0.0,0.0
living peace institute,lpi,0,0,0,0,0,0,-,-,-
LIWA programme trust,liwa-admin,0,0,0,0,0,0,-,-,-
Local Development and Small Projects Support,ldsps,0,0,0,0,0,0,-,-,-
London Business School,lbs,0,0,0,0,0,0,-,-,-
London School of Economics and Political Science,lse,1,1,1,1,1,1,100.0,100.0,100.0
London School of Hygiene and Tropical Medicine,lshtm,4,4,3,1,1,0,25.0,25.0,0.0
Loughborough University,lboro,2,2,2,0,0,0,0.0,0.0,0.0
Louvain Coopération,lc,0,0,0,0,0,0,-,-,-
LTS International Limited,lts,6,6,5,4,3,1,66.66666666666666,50.0,20.0
Luminate Foundation Inc.,luminate,62,62,16,0,0,0,0.0,0.0,0.0
M&C Saatchi,mcs_new,0,0,0,0,0,0,-,-,-
Maastricht School of Management,msm-ipd,0,0,0,0,0,0,-,-,-
MADE in Europe,mie-1134415,1,1,1,0,0,0,0.0,0.0,0.0
MAG,mag,7,7,6,4,3,2,57.14285714285714,42.857142857142854,33.33333333333333
Magariro,magariro,0,0,0,0,0,0,-,-,-
Mainline,mainline,0,0,0,0,0,0,-,-,-
Makerere University School of Public Health,maksph,12,12,11,0,0,0,0.0,0.0,0.0
Malaria Consortium,malariaconsortium,51,51,39,0,0,0,0.0,0.0,0.0
Mama Cash,mamac,5,5,5,5,5,5,100.0,100.0,100.0
MAMTA - Health Institute for Mother and Child,mamta_himc,1,1,1,0,0,0,0.0,0.0,0.0
Mango Tree Property Management LTD,mangotree,0,0,0,0,0,0,-,-,-
MannionDaniels,manniondaniels,22,22,1,0,0,0,0.0,0.0,0.0
MapAction,mapaction,1,1,1,1,1,1,100.0,100.0,100.0
Marsa Sexual Health Center,marsa_welead,1,1,1,0,0,0,0.0,0.0,0.0
marysmeals,marysmeals,1,1,1,1,0,0,100.0,0.0,0.0
Mastercard Foundation,mastercard-foundation,97,97,60,0,0,0,0.0,0.0,0.0
Max Foundation,max-foundation,4,4,4,2,2,2,50.0,50.0,50.0
Maxwell Stamp PLC,mstamp,0,0,0,0,0,0,-,-,-
McKinsey & Company,mck,2,2,2,0,0,0,0.0,0.0,0.0
McKinsey Development Partners,mdp,2,2,2,0,0,0,0.0,0.0,0.0
MDF Global,mdf,0,0,0,0,0,0,-,-,-
MedAccess Guarantee Limited,medaccess,1,1,1,0,0,0,0.0,0.0,0.0
Medair,medair,1,1,1,0,0,0,0.0,0.0,0.0
Medecins du Monde Belgique - Dokters van de Wereld Belgïe,medecins,7,7,7,0,0,0,0.0,0.0,0.0
Medecins du Monde France,mdm-fr,1,1,1,0,0,0,0.0,0.0,0.0
Media Development Investment Fund,mdif,1,1,0,1,1,0,100.0,100.0,-
"Medical Research Centre (MRC), Sierra Leone",mrc-sierra-leone,0,0,0,0,0,0,-,-,-
MedicineAfrica Ltd.,medafrica,0,0,0,0,0,0,-,-,-
Medicos del Mundo,mdm_spain,1,1,1,0,0,0,0.0,0.0,0.0
Memisa,memisa,0,0,0,0,0,0,-,-,-
Meningitis Research Foundation,mrf,0,0,0,0,0,0,-,-,-
Mensen met een Missie,mm1,6,6,6,6,6,6,100.0,100.0,100.0
Mercy Corps Europe,mce,5,5,3,4,3,0,80.0,60.0,0.0
Mercy Corps Global,mcg,0,0,0,0,0,0,-,-,-
Mercy Corps Netherlands,mcn,0,0,0,0,0,0,-,-,-
Mercy Ships UK Limited,msuk,0,0,0,0,0,0,-,-,-
Mercy-USA for Aid and Development,mercy-usa,0,0,0,0,0,0,-,-,-
MICAIA,mic-uk,2,2,2,0,0,0,0.0,0.0,0.0
Micaia Foundation,micfound,2,2,2,2,2,2,100.0,100.0,100.0
Micro Insurance Academy,mia_india,0,0,0,0,0,0,-,-,-
MicroLoan Foundation,mlf,0,0,0,0,0,0,-,-,-
Miel Maya Honing asbl,mmha,0,0,0,0,0,0,-,-,-
Mifumi UK,mifumi_uk,1,1,1,1,0,0,100.0,0.0,0.0
Milieudefensie,foenl,11,11,11,11,11,11,100.0,100.0,100.0
Millennium Challenge Corporation,millenniumchallenge,438,438,302,0,0,0,0.0,0.0,0.0
Ministry of Foreign Affairs - United Arab Emirates (UAE),mofaic_uae,1,1,1,0,0,0,0.0,0.0,0.0
Ministry of Foreign Affairs of  Japan,mofa-jpn,268,268,232,0,0,0,0.0,0.0,0.0
Ministry of Foreign and European Affairs of the Slovak Republic,slovakaid,21,21,18,0,0,0,0.0,0.0,0.0
Ministère de l'Economie et des Finances du Bénin,mefbenin,0,0,0,0,0,0,-,-,-
Minority Rights Group,mrg,2,2,2,0,0,0,0.0,0.0,0.0
Mission Øst,missioneast,2,2,1,0,0,0,0.0,0.0,0.0
Mondiaal FNV,mondiaalfnv,5,5,5,2,2,2,40.0,40.0,40.0
Montrose International LLP,montrose_llp,2,2,1,1,1,0,50.0,50.0,0.0
mothers2mothers,m2m_sa,0,0,0,0,0,0,-,-,-
Motivation,motivation,1,1,1,1,0,0,100.0,0.0,0.0
Mott MacDonald Limited,mml,7,7,5,6,4,0,85.71428571428571,57.14285714285714,0.0
MSI Reproductive Choices,msi,6,6,3,5,4,2,83.33333333333334,66.66666666666666,66.66666666666666
Mukisa Foundation,mukisa_foundation,1,1,1,0,0,0,0.0,0.0,0.0
Mulanje Mission Hospital,mmh,1,1,1,0,0,0,0.0,0.0,0.0
Multilateral Investment Fund,fomin,1,1,1,0,0,0,0.0,0.0,0.0
Musalaha Ministry of Reconciliation,mmr_admin2,0,0,0,0,0,0,-,-,-
Musawah Global Vision Berhad,musawah,1,1,1,0,0,0,0.0,0.0,0.0
Muslim Aid,muslimaid,0,0,0,0,0,0,-,-,-
MVO Nederland,mvo_nederland,0,0,0,0,0,0,-,-,-
Mwatana for Human Rights,mwatana,1,1,0,1,1,0,100.0,100.0,-
Mzumbe University,m_u,2,2,2,0,0,0,0.0,0.0,0.0
Médecins Sans Vacances,msv,0,0,0,0,0,0,-,-,-
NAGAAD,nagaad,1,1,1,0,0,0,0.0,0.0,0.0
"Namati, Inc",namati_inc,0,0,0,0,0,0,-,-,-
Nathan Associates London Ltd.,nathan,9,9,9,0,0,0,0.0,0.0,0.0
National Coalition of Human Rights Defenders - Kenya,nchrdk,0,0,0,0,0,0,-,-,-
National Union of Women With Disabilities of Uganda,nuwodu,1,1,1,1,1,1,100.0,100.0,100.0
Natural Justice,nj_1,9,9,9,0,0,0,0.0,0.0,0.0
Natural Resource Governance Institute (NRGI),nrgi,0,0,0,0,0,0,-,-,-
"Natural Resources Institute, University of Greenwich.",nri,1,1,1,0,0,0,0.0,0.0,0.0
Nature and Development Foundation,ndf_fgm,1,1,1,1,0,0,100.0,0.0,0.0
Near East Foundation (NEF USA),nef_usa,0,0,0,0,0,0,-,-,-
Near East Foundation Mali (NEF Mali),nef_mali,1,1,0,0,0,0,0.0,0.0,-
Near East Foundation UK (NEF UK),nef-uk,0,0,0,0,0,0,-,-,-
Neem Foundation,neem,1,1,1,0,0,0,0.0,0.0,0.0
Nepal Disabled Human Rights Center,dhrc_nepal,1,1,1,0,0,0,0.0,0.0,0.0
Nepal Netra Jyoti Sangh,nnjs_nepal,0,0,0,0,0,0,-,-,-
Netherlands - Ministry of Foreign Affairs,minbuza_nl,719,719,501,705,615,387,98.0528511821975,85.53546592489569,77.24550898203593
Netherlands Commission for Environmental Assessment,ncea,3,3,3,0,0,0,0.0,0.0,0.0
Netherlands Enterprise Agency (RVO),rvo,258,258,174,7,2,0,2.7131782945736433,0.7751937984496124,0.0
Netherlands Food Partnership,nfp,0,0,0,0,0,0,-,-,-
Netherlands Institute for Multiparty Democracy (NIMD),nimd-hq,17,17,17,12,12,12,70.58823529411765,70.58823529411765,70.58823529411765
Netherlands Organisation for Scientific Research (NWO),nwo,2,2,2,1,0,0,50.0,0.0,0.0
Netherlands Red Cross,nlrc,45,45,19,1,6,0,2.2222222222222223,13.333333333333334,0.0
Netherlands Space Office,nso,0,0,0,0,0,0,-,-,-
Netherlands Water Partnership,nwp,1,1,1,1,1,1,100.0,100.0,100.0
Network for Africa,network4africa,0,0,0,0,0,0,-,-,-
Network For Enterprise Enhancement and Development Support,needs,0,0,0,0,0,0,-,-,-
New York University,nyu,1,1,0,0,0,0,0.0,0.0,-
New Zealand - Ministry of Foreign Affairs and Trade - New Zealand Aid Programme,mfat,302,302,223,137,115,59,45.36423841059602,38.079470198675494,26.45739910313901
NGO Federation of Nepal,nfn,0,0,0,0,0,0,-,-,-
Ngo-federatie (Vlaamse federatie van ngo's voor ontwikkelingssamenwerking),ngo-federatie,0,0,0,0,0,0,-,-,-
Niger Delta Stakeholders Initiative for Community Development and Empowerment,ndsicde,1,1,1,0,0,0,0.0,0.0,0.0
NIRAS A/S,niras,1,1,1,1,1,0,100.0,100.0,0.0
NKHOMA MISSION HOSPITAL,nmhiati,0,0,0,0,0,0,-,-,-
NLR,nlr,1,1,1,0,0,0,0.0,0.0,0.0
NLR Indonesia,nlr_indonesia,0,0,0,0,0,0,-,-,-
Non-Timber Forest Products Exchange Programme,ntfp-ep,5,5,5,5,5,5,100.0,100.0,100.0
Nonviolent Peaceforce South Sudan,npss,2,2,2,0,0,0,0.0,0.0,0.0
Norad - Norwegian Agency for Development Cooperation,norad,2140,2140,1303,936,1278,779,43.73831775700935,59.7196261682243,59.78511128165771
NORSAAC,norsaac,0,0,0,0,0,0,-,-,-
Northern Ireland Cooperation Overseas Ltd,nico,0,0,0,0,0,0,-,-,-
Northern Network for Education Development,nned,5,5,5,0,0,0,0.0,0.0,0.0
Northern Rangelands Trust,nrt-kenya,6,6,6,0,0,0,0.0,0.0,0.0
Norwegian People's Aid,npa,1,1,0,1,1,0,100.0,100.0,-
Norwegian Refugee Council,nrc,1,1,1,1,1,0,100.0,100.0,0.0
"NpM, Platform for Inclusive Finance",npm,0,0,0,0,0,0,-,-,-
Nuffic,nuffic20171017,3,3,0,0,0,0,0.0,0.0,-
Nutrition International,nutritionintl,0,0,0,0,0,0,-,-,-
OCHA Country Based Pooled Funds,unocha-cbpf,477,477,16,438,461,16,91.82389937106919,96.64570230607966,100.0
ODI,odi,3,3,2,3,2,2,100.0,66.66666666666666,100.0
ODI Sales Limited,odi_sales_ltd,1,1,1,0,0,0,0.0,0.0,0.0
OECD,oecd,0,0,0,0,0,0,-,-,-
Office for National Statistics,ons,1,1,1,0,0,0,0.0,0.0,0.0
Okapi Consulting,okapiconsulting,1,1,1,0,0,0,0.0,0.0,0.0
Olamma Cares Foundation,olammacares,0,0,0,0,0,0,-,-,-
Omidyar Network Fund Inc.,omidyarnetwork,0,0,0,0,0,0,-,-,-
One Acre Fund,oneacrefund,0,0,0,0,0,0,-,-,-
One to One Children's Fund,onetoonecf,0,0,0,0,0,0,-,-,-
One Young World,oyw,4,4,4,0,0,0,0.0,0.0,0.0
ONG ALCRER,alcrer-1,1,1,1,0,0,0,0.0,0.0,0.0
Open Capital Advisors,oca,0,0,0,0,0,0,-,-,-
openmindedly,openmindedly,1,1,1,0,0,0,0.0,0.0,0.0
OpenNorth,opennorth,0,0,0,0,0,0,-,-,-
Opportunity International Savings and Loans Ltd,oisl_gh,1,1,1,0,0,0,0.0,0.0,0.0
Opportunity International UK,opportunity-international-uk,5,5,5,0,0,0,0.0,0.0,0.0
Options Consultancy Services,options,6,6,5,6,6,4,100.0,100.0,80.0
Orbis Africa,orbis_africa,0,0,0,0,0,0,-,-,-
Orbis Charitable Trust,orbis_uk,0,0,0,0,0,0,-,-,-
Orbis Ethiopia,orbis_ethiopia,0,0,0,0,0,0,-,-,-
Orbis International,orbis_international,0,0,0,0,0,0,-,-,-
OurLoop Stitchting,loop,1,1,1,0,0,0,0.0,0.0,0.0
Oxfam America,oxfamus,401,401,401,0,0,0,0.0,0.0,0.0
Oxfam Australia,oau,30,30,20,30,0,0,100.0,0.0,0.0
Oxfam GB,oxfamgb,45,45,35,0,0,0,0.0,0.0,0.0
Oxfam IBIS,ibis_denmark,3,3,3,2,2,2,66.66666666666666,66.66666666666666,66.66666666666666
Oxfam India,oxfamindia,0,0,0,0,0,0,-,-,-
Oxfam Intermón,oxfamintermon,62,62,61,0,1,0,0.0,1.6129032258064515,0.0
Oxfam Novib,onl,570,570,293,394,0,0,69.12280701754386,0.0,0.0
Oxfam Solidarité-Solidariteit,oxsol,0,0,0,0,0,0,-,-,-
Oxfam Wereldwinkels,oww,0,0,0,0,0,0,-,-,-
Oxfam-Magasins du monde (omdm),omdm,0,0,0,0,0,0,-,-,-
Oxfam-Quebec,oqc,0,0,0,0,0,0,-,-,-
Oxford Policy Management,opml,7,7,4,7,6,3,100.0,85.71428571428571,75.0
Pact,pact,47,47,21,0,0,0,0.0,0.0,0.0
Palestinian Working Women Society for Development,pwwsd_2022,1,1,1,1,1,1,100.0,100.0,100.0
Palladium Europe,palladium_eur,1,1,1,0,0,0,0.0,0.0,0.0
Palladium International Ltd (UK),palladium,5,5,5,0,0,0,0.0,0.0,0.0
Palliative Care Association of Malawi,pacam,0,0,0,0,0,0,-,-,-
Palliative Care Support Trust,pcst,2,2,2,0,0,0,0.0,0.0,0.0
Pan Africa ILGA,pai155669,2,2,2,2,0,0,100.0,0.0,0.0
Pan African Climate Justice Alliance,pacja,10,10,10,0,0,0,0.0,0.0,0.0
Panos Institute West Africa (PIWA),ipao,0,0,0,0,0,0,-,-,-
Paradigm Initiative,paradigm,0,0,0,0,0,0,-,-,-
Partnership for African Social & Governance Research (PASGR),pasgr,0,0,0,0,0,0,-,-,-
partos,partos_nl,5,5,5,5,5,5,100.0,100.0,100.0
Pastoralist Girls Initiative,pgi_kenya,0,0,0,0,0,0,-,-,-
PATH,_path_,3,3,3,1,0,0,33.33333333333333,0.0,0.0
Pathfinder International,pathfinder1,0,0,0,0,0,0,-,-,-
PAX,pax,19,19,15,19,19,15,100.0,100.0,100.0
Peace Brigades International,pbi_io,0,0,0,0,0,0,-,-,-
Peace Direct,peacedirect,1,1,1,1,0,0,100.0,0.0,0.0
PEAS (Promoting Equality in African Schools),peas,3,3,3,0,0,0,0.0,0.0,0.0
Pegasys Limited,pegasys-eu,1,1,1,0,0,0,0.0,0.0,0.0
Penal Reform International,pri,0,0,0,0,0,0,-,-,-
People In Aid,peopleinaid,0,0,0,0,0,0,-,-,-
People in Need,pin,2,2,1,0,0,0,0.0,0.0,0.0
People's Process on Housing and Poverty in Zambia,pphpz,1,1,1,1,1,1,100.0,100.0,100.0
Perhimpunan Pengembangan Media Nusantara,ja_ppmn,1,1,1,1,0,0,100.0,0.0,0.0
PHASE Nepal,phase-nepal,0,0,0,0,0,0,-,-,-
PHASE Worldwide,phase_worldwide,1,1,1,1,1,1,100.0,100.0,100.0
Plan International Belgium,pib,0,0,0,0,0,0,-,-,-
Plan International Finland,planinternationalfinland,0,0,0,0,0,0,-,-,-
Plan International Netherlands,plannlno,41,41,33,1,0,0,2.4390243902439024,0.0,0.0
Plan International UK,plan_uk,18,18,10,3,5,1,16.666666666666664,27.77777777777778,10.0
Plan International USA,plan_usa,1,1,1,0,0,0,0.0,0.0,0.0
Plan Ireland Charitable Assistance Limited,plan_ireland,0,0,0,0,0,0,-,-,-
PlanBørnefonden,plb,1,1,1,1,1,1,100.0,100.0,100.0
Plataforma Moçambicana da Água (PLAMA),plama,0,0,0,0,0,0,-,-,-
Plateforme des Acteurs de la Société Civile au BENIN,pascib_benin,1,1,1,1,1,1,100.0,100.0,100.0
PONT,pont,0,0,0,0,0,0,-,-,-
Pontis Foundation,pontis,2,2,2,0,0,0,0.0,0.0,0.0
Population Media Center,pmc,1,1,1,0,0,0,0.0,0.0,0.0
Population Service International,psi,6,6,6,0,0,0,0.0,0.0,0.0
Population Services and Training Centre (PSTC),pstc_1102,2,2,2,0,0,0,0.0,0.0,0.0
Population Services Kenya,pskenya_19,3,3,3,0,0,0,0.0,0.0,0.0
Positive Vibes Trust,pv,16,16,16,16,16,16,100.0,100.0,100.0
PositiveNegatives,posneg,0,0,0,0,0,0,-,-,-
Power International,power,1,1,1,0,0,0,0.0,0.0,0.0
PPAG,ppag_123,1,1,1,1,0,0,100.0,0.0,0.0
PRACTICA Foundation,practica,0,0,0,0,0,0,-,-,-
Practical Action,pa,23,23,14,21,16,7,91.30434782608695,69.56521739130434,50.0
Pragya India,pragya,0,0,0,0,0,0,-,-,-
PRI Association,pri_icf,0,0,0,0,0,0,-,-,-
PricewaterhouseCoopers Private Limited India,pwcplindia,0,0,0,0,0,0,-,-,-
Prince Claus Fund,pcf,2,2,2,0,0,0,0.0,0.0,0.0
Private Infrastructure Development Group,pidg,104,104,102,1,0,0,0.9615384615384616,0.0,0.0
Programming Their Future,p-t-f-,0,0,0,0,0,0,-,-,-
Progressio (closed),progressio,10,10,10,0,0,0,0.0,0.0,0.0
Project Harar,phe,0,0,0,0,0,0,-,-,-
Promundo-US,pmo-us,2,2,2,2,0,0,100.0,0.0,0.0
Prospero Limited,prospero,0,0,0,0,0,0,-,-,-
Protecting Families Against HIV/AIDS,prefa_1,1,1,1,0,0,0,0.0,0.0,0.0
Protos,protos,0,0,0,0,0,0,-,-,-
Public International Law & Policy Group,pilpg,1,1,1,1,0,0,100.0,0.0,0.0
Publish What You Fund,pwyf,3,3,3,0,0,0,0.0,0.0,0.0
PUM Netherlands,pumnl,0,0,0,0,0,0,-,-,-
Pump Aid,pumpaid,0,0,0,0,0,0,-,-,-
PwC,pwc,4,4,4,2,2,2,50.0,50.0,50.0
Queen Rania Foundation for Education and Development,qrfed,0,0,0,0,0,0,-,-,-
Quinoa,quinoa,0,0,0,0,0,0,-,-,-
Rabo Partnerships,rabo_partnerships,7,7,7,2,0,0,28.57142857142857,0.0,0.0
Radio La Benevolencija,rlb,1,1,0,1,0,0,100.0,0.0,-
Rahnuma-Family Planning Assocation of Pakistan,rfpap,0,0,0,0,0,0,-,-,-
Railway Children,rc,2,2,2,0,0,0,0.0,0.0,0.0
Railway Children Africa,rc2africa,0,0,0,0,0,0,-,-,-
RAIN Foundation (former),rainfoundation,0,0,0,0,0,0,-,-,-
Rainforest Action Network,ran,0,0,0,0,0,0,-,-,-
Rainforest Alliance,rainforest-alliance,1,1,1,0,0,0,0.0,0.0,0.0
Rainforest Foundation UK,rfuk,0,0,0,0,0,0,-,-,-
Raleigh International,raleigh_int,1,1,1,0,0,0,0.0,0.0,0.0
RCN Justice & Démocratie,rcn,0,0,0,0,0,0,-,-,-
Reach A Hand Uganda,rahuug,8,8,8,0,0,0,0.0,0.0,0.0
Red Cross Red Crescent Climate Centre,climate_centre,0,0,0,0,0,0,-,-,-
RedOrange Media and Communications,redorange,1,1,1,1,0,0,100.0,0.0,0.0
RedR UK,redruk,0,0,0,0,0,0,-,-,-
Regional Advisory Information and Network Systems,rains,2,2,1,0,0,0,0.0,0.0,0.0
"Rehabilitation, Education and Community Health (REACH)",reach-iraq,0,0,0,0,0,0,-,-,-
Relief International UK,ri-uk,0,0,0,0,0,0,-,-,-
Rene Moawad Foundation,rmf-lb,0,0,0,0,0,0,-,-,-
Republic of Korea,odakorea,1056,1044,731,1010,0,0,95.64393939393939,0.0,0.0
Resilience,resilience,1,1,1,0,0,0,0.0,0.0,0.0
Resource Extraction Monitoring,rem,0,0,0,0,0,0,-,-,-
Responsible Mining Foundation,rmf,0,0,0,0,0,0,-,-,-
Restart Center,restartcenter,1,1,1,0,0,0,0.0,0.0,0.0
Restless Development,restless,1,1,1,1,1,1,100.0,100.0,100.0
Results for Development,r4d,9,9,6,9,8,0,100.0,88.88888888888889,0.0
Retrak,retrak,0,0,0,0,0,0,-,-,-
Right to Play Netherlands Foundation,rtp,0,0,0,0,0,0,-,-,-
Rights and Resources Initaitive,rri,0,0,0,0,0,0,-,-,-
Rikolto,rikolto,0,0,0,0,0,0,-,-,-
Rikolto in Belgium,rikolto_belgium,0,0,0,0,0,0,-,-,-
Riverrecycle Oy,riverrecycle,1,1,1,1,1,0,100.0,100.0,0.0
Rocky Mountain Institute,rmi,0,0,0,0,0,0,-,-,-
Rode Kruis-Vlaanderen Internationaal vzw,rkiv,0,0,0,0,0,0,-,-,-
Rojiroti UK,rojiroti,0,0,0,0,0,0,-,-,-
Romania Ministry of Foreign Affairs,uasd,0,0,0,0,0,0,-,-,-
Rotary Clubs For Development,rc4d,0,0,0,0,0,0,-,-,-
Royal College of General Practitioners (RCGP),rcgp-international,0,0,0,0,0,0,-,-,-
Royal College of Obstetricians & Gynaecologists,rcog_resilience_in_obstetric_skills,1,1,1,0,0,0,0.0,0.0,0.0
Royal Commonwealth Ex-Sevices League,rcel,1,1,1,1,1,0,100.0,100.0,0.0
Royal Institute of International Affairs,riia,2,2,2,0,0,0,0.0,0.0,0.0
Royal National Lifeboat Institution (RNLI),rnli_international,0,0,0,0,0,0,-,-,-
Royal Netherlands Football Association,knvb,0,0,0,0,0,0,-,-,-
Royal Society for the Protection of Birds,rspb_,0,0,0,0,0,0,-,-,-
Royal Tropical Institute,kit,14,14,14,6,6,10,42.857142857142854,42.857142857142854,71.42857142857143
RUAF Foundation,ruaf,0,0,0,0,0,0,-,-,-
Rutgers,rutgers,17,17,17,15,12,12,88.23529411764706,70.58823529411765,70.58823529411765
Sabre Education Limited,sct,0,0,0,0,0,0,-,-,-
Saferworld,saferworld,5,5,4,1,0,0,20.0,0.0,0.0
Samaritan's Purse UK,spuk,1,1,1,0,0,0,0.0,0.0,0.0
Samir Kassir Foundation,skf,1,1,0,1,0,0,100.0,0.0,-
Sana'a Center for Strategic Studies,scss,1,1,1,0,0,0,0.0,0.0,0.0
Satellite Applications Catapult Ltd,satelliteapplicationscatapultltd,1,1,1,1,0,0,100.0,0.0,0.0
Savana Signatures,savsign-org,0,0,0,0,0,0,-,-,-
Save the Children DK,redbarnet,2,2,2,0,0,0,0.0,0.0,0.0
Save the Children International,sci,15,15,3,0,1,0,0.0,6.666666666666667,0.0
Save the Children Netherlands,scnl,21,21,13,21,20,4,100.0,95.23809523809523,30.76923076923077
Save the Children UK,scuk,16,16,4,0,1,0,0.0,6.25,0.0
SCI Projets Internationaux ASBL_Service Civil International branche belge,scibelgium,0,0,0,0,0,0,-,-,-
Scotland's International Development Alliance,sinda,0,0,0,0,0,0,-,-,-
Scottish Catholic International Aid Fund (SCIAF),sciaf,2,2,2,2,2,1,100.0,100.0,50.0
"SDSN Association, Inc.",sdsna,1,1,0,1,1,0,100.0,100.0,-
Search for Common Ground (SFCG),sfcg,7,7,7,6,6,6,85.71428571428571,85.71428571428571,85.71428571428571
SECOURS CATHOLIQUE - CARITAS FRANCE,sccf,219,219,219,116,56,0,52.96803652968036,25.570776255707763,0.0
Secrétariat de Concertation des Organisations Non Gouvernementales Maliennes,seco-ong-mali,1,1,1,1,1,1,100.0,100.0,100.0
Secrétariat Permanent des Organisation non-gouvernementales du Burkina Faso (SPONG-BURKINA),spong-burkina,2,2,2,2,2,2,100.0,100.0,100.0
Seefar,seefar,0,0,0,0,0,0,-,-,-
SeeYou Foundation,syf,4,4,4,4,4,4,100.0,100.0,100.0
Sehat Kahani (Community Innovation Hub),sehatkahanicih,0,0,0,0,0,0,-,-,-
Self Help Africa,self-help-africa,0,0,0,0,0,0,-,-,-
Send a Cow,sendacow,4,4,3,1,1,0,25.0,25.0,0.0
Send a Cow Ethiopia,sacethiopia,0,0,0,0,0,0,-,-,-
Send a Cow Kenya,sac_kenya,0,0,0,0,0,0,-,-,-
Send a Cow Uganda,sacu,1,1,0,0,0,0,0.0,0.0,-
Sense International,sense_international,7,7,6,4,3,1,57.14285714285714,42.857142857142854,16.666666666666664
Sensorial Handicap Cooperation,shc,0,0,0,0,0,0,-,-,-
Sexual Reproductive Health and Rights Africa Trust,srhr_africa_trust,11,11,11,11,11,11,100.0,100.0,100.0
Shack Dwellers International - Kenya,sdi-k,1,1,1,1,1,1,100.0,100.0,100.0
ShelterBox,shelterbox,0,0,0,0,0,0,-,-,-
Shift Project Ltd.,shiftproject,5,5,5,0,0,0,0.0,0.0,0.0
Shortlist Professionals Limited,shortlistogti,1,1,1,0,0,0,0.0,0.0,0.0
Shtrii Shakti,shtrii_shakti,0,0,0,0,0,0,-,-,-
Sightsavers,ss-org,5,5,4,5,0,0,100.0,0.0,0.0
Signal,signal,1,1,1,0,0,0,0.0,0.0,0.0
SIHA Network,siharegional,2,2,2,0,0,0,0.0,0.0,0.0
SIHA-South Sudan,siha-southsudan,1,1,1,0,0,0,0.0,0.0,0.0
siiqqee Women's Development Association,swda,1,1,1,1,1,1,100.0,100.0,100.0
Silsab Foundation,silsab1-_,1,1,1,0,0,0,0.0,0.0,0.0
Simavi,simavi,6,6,0,5,5,0,83.33333333333334,83.33333333333334,-
Simprints,simprints,0,0,0,0,0,0,-,-,-
Siren Associates,siren,0,0,0,0,0,0,-,-,-
Sisonke National Sex Workers Movement,sisonke,3,3,3,3,0,0,100.0,0.0,0.0
Slovenia - Ministry of Foreign Affairs,si-mfa,0,0,0,0,0,0,-,-,-
Slum Dwellers International,sdi-int,2,2,2,2,1,1,100.0,50.0,50.0
Small Arms Survey,sas_sana,0,0,0,0,0,0,-,-,-
SNV Netherlands Development Organisation,snv,12,12,6,3,3,0,25.0,25.0,0.0
SOAS University of London,soas,2,2,2,1,1,0,50.0,50.0,0.0
Sociaal-Economische Raad,ser,6,6,4,1,1,1,16.666666666666664,16.666666666666664,25.0
Social Accountability International,social_accountability_international,1,1,1,0,0,0,0.0,0.0,0.0
Social Development Direct Limited,sddirect,17,17,17,2,0,0,11.76470588235294,0.0,0.0
"Social Fund for Development, Yemen",sfd-yemen,173,173,173,0,0,0,0.0,0.0,0.0
Social Impact Lab CIC,simlab,2,2,2,0,0,0,0.0,0.0,0.0
Social Watch Benin,swb_1,0,0,0,0,0,0,-,-,-
Société Nationale des eaux du Bénin (SONEB),soneb-benin,0,0,0,0,0,0,-,-,-
SolarNow Services (U) Ltd,solarnowsofa,4,4,4,1,0,0,25.0,0.0,0.0
Solidagro,solidagro_admin,0,0,0,0,0,0,-,-,-
Solidar Suisse,solidarsuisse,1,1,1,1,1,1,100.0,100.0,100.0
Solidaridad,solidaridad,67,67,57,0,0,0,0.0,0.0,0.0
Solidaridad Europe,solidaridad-europe,4,4,0,0,0,0,0.0,0.0,-
Solidaridad South & South-East Asia,solidaridad-ssea,0,0,0,0,0,0,-,-,-
Solidaridad West Africa,solidaridad-waf,2,2,0,0,0,0,0.0,0.0,-
Solidarites International,solidarites-international,3,3,3,0,0,0,0.0,0.0,0.0
Solsoc,solsoc,0,0,0,0,0,0,-,-,-
Soluciones en Legislación y Política Ambiental AC,polea,0,0,0,0,0,0,-,-,-
Sonke Gender Justice,sjg,7,7,7,3,0,0,42.857142857142854,0.0,0.0
SOS Børnebyerne,sosdk,2,2,2,0,0,0,0.0,0.0,0.0
SOS Children's Villages Kenya,soscvkenya,0,0,0,0,0,0,-,-,-
SOS Children's Villages The Netherlands,sosnl,8,8,6,5,1,0,62.5,12.5,0.0
SOS FAIM - SOS HUNGER,sosfaim,0,0,0,0,0,0,-,-,-
SOS Italia,sosvdb_italia,0,0,0,0,0,0,-,-,-
SOS Jeunesse et Défis,sosjd6,1,1,1,0,0,0,0.0,0.0,0.0
SOS Kinderdorpen België / SOS Villages d'Enfants Belgique,svdbskb_admin,0,0,0,0,0,0,-,-,-
SOS Sahel International UK,sossaheluk,0,0,0,0,0,0,-,-,-
Sound Seekers Limited,soundseekers,0,0,0,0,0,0,-,-,-
South African Network of People who Use Drugs,sanpud,3,3,3,3,3,3,100.0,100.0,100.0
South Asian Women Development Forum,sawdf-admin,2,2,2,0,0,0,0.0,0.0,0.0
South West International Development Network,swidn,0,0,0,0,0,0,-,-,-
Southern African Catholic Bishops' Conference Aids Office,sacbc,0,0,0,0,0,0,-,-,-
SouthSouthNorth,ssn,8,8,8,8,8,7,100.0,100.0,87.5
Sowt podcasting and training L.L.C,sowt,0,0,0,0,0,0,-,-,-
Spain - Ministry of Foreign Affairs and Cooperation,maec,20,20,16,0,0,0,0.0,0.0,0.0
Spanish Agency for International Development Cooperation (AECID),aecid,111,111,73,111,0,0,100.0,0.0,0.0
SPARK,spark,6,6,4,0,0,0,0.0,0.0,0.0
Special Hope Network,shn,1,1,1,0,0,0,0.0,0.0,0.0
Stakeholder Democracy Network,sdn,0,0,0,0,0,0,-,-,-
STAR-Ghana Foundation,star_ghanafoundation,1,1,1,1,0,0,100.0,0.0,0.0
Stars Foundation,starsfoundation,1,1,1,0,0,0,0.0,0.0,0.0
STC International,stc-international,1,1,1,0,0,0,0.0,0.0,0.0
Stellenbosch University,su-impala,0,0,0,0,0,0,-,-,-
Stichting ActionAId,aanl,1,1,1,1,0,0,100.0,0.0,0.0
Stichting Aflatoun International,aflatoun,0,0,0,0,0,0,-,-,-
Stichting Agriterra,agriterra,47,47,37,8,8,5,17.02127659574468,17.02127659574468,13.513513513513514
Stichting Aidenvironment,aidenvironment,0,0,0,0,0,0,-,-,-
Stichting Beheer Subsidiegelden DRA,stichting-subsidiegelden-dra,0,0,0,0,0,0,-,-,-
Stichting Deltares,deltares,6,6,1,1,0,0,16.666666666666664,0.0,0.0
Stichting Fern,stichtingfern,21,21,21,3,3,3,14.285714285714285,14.285714285714285,14.285714285714285
Stichting fondsbeheer DGGF lokaal MKB,dggf_financing_local_smes,76,76,73,25,24,22,32.89473684210527,31.57894736842105,30.136986301369863
Stichting Habitat for Humanity Nederland,hfhnl,1,1,0,1,0,0,100.0,0.0,-
Stichting Health Action International,hai,2,2,2,1,1,1,50.0,50.0,50.0
Stichting Humana,humana_houben,1,1,1,0,0,0,0.0,0.0,0.0
Stichting Kinderpostzegels Nederland,skn,0,0,0,0,0,0,-,-,-
Stichting Leprazending Nederland - The Leprosy Mission Netherlands,leprazending-tlm-nl,4,4,4,4,4,4,100.0,100.0,100.0
Stichting Liliane Fonds,slf,7,7,7,7,0,0,100.0,0.0,0.0
Stichting Mayday Rescue Foundation,maydayrescue,1,1,1,0,0,0,0.0,0.0,0.0
Stichting Nederlands Instituut voor Internationale Betrekkingen 'Clingendael',clingendael,4,4,4,3,1,1,75.0,25.0,25.0
Stichting Onderzoek Multinationale Ondernemingen (SOMO),somo,2,2,2,2,2,2,100.0,100.0,100.0
Stichting Red een Kind,redeenkind,0,0,0,0,0,0,-,-,-
Stichting RNW Media,rnw_org,3,3,3,0,0,0,0.0,0.0,0.0
Stichting Vluchteling,st_vluchteling,5,5,1,4,1,0,80.0,20.0,0.0
Stichting VSO Nederland,vso_nl,7,7,7,7,0,0,100.0,0.0,0.0
Stichting VU Amsterdam - Amsterdam Centre for World Food Studies,acwfs_vu,7,7,7,0,0,0,0.0,0.0,0.0
Stichting Wilde Ganzen/ IKON,nl_wg,4,4,4,4,0,0,100.0,0.0,0.0
Stichting Wings For Aid Foundation,wfaf,1,1,0,1,0,0,100.0,0.0,-
Stichting Woord en Daad,w-d,2,2,0,2,2,0,100.0,100.0,-
Stockholm International Water Institute,siwi,0,0,0,0,0,0,-,-,-
Street Child,street_child,1,1,0,1,1,0,100.0,100.0,-
StreetInvest,si,1,1,1,0,0,0,0.0,0.0,0.0
Stromme Foundation,stromme_ug,0,0,0,0,0,0,-,-,-
Studio Globo,sg,0,0,0,0,0,0,-,-,-
Support Trust for Africa Development (STAD),stad,0,0,0,0,0,0,-,-,-
Survivors Fund (SURF),surf,1,1,1,0,0,0,0.0,0.0,0.0
Sustainable Development Institute,sdi,6,6,6,6,6,6,100.0,100.0,100.0
Sustainable Hospitality Alliance,sha,1,1,1,0,0,0,0.0,0.0,0.0
"Sweden, through Swedish International Development Cooperation Agency (Sida)",sida,4764,4764,3124,3769,2678,1340,79.11418975650713,56.21326616288833,42.89372599231754
Swisscontact,swisscontact,1,1,1,1,1,1,100.0,100.0,100.0
Switzerland - Swiss Agency for Development and Cooperation (SDC),sdc_ch,9857,9857,8563,0,0,0,0.0,0.0,0.0
Sympany+,simone_sympany,0,0,0,0,0,0,-,-,-
Synergie des Femmes pour la Paix et la Réconciliation des Peuples des Grands Lacs d'Afrique,spr,3,3,3,3,3,3,100.0,100.0,100.0
Synergía - Initiatives for Human Rights,synergiaihr,0,0,0,0,0,0,-,-,-
Syria Justice and Accountability Centre (SJAC),sjac,1,1,1,1,1,1,100.0,100.0,100.0
Syria Relief,sr,1,1,1,0,0,0,0.0,0.0,0.0
Syrian Center for Media and Freedom of Expression,scm,4,4,4,0,0,0,0.0,0.0,0.0
Tameer-e-Khalaq Foundation,tkf1234,1,1,1,0,0,0,0.0,0.0,0.0
Tanager,tan,1,1,0,0,0,0,0.0,0.0,-
Target TB,targettb,0,0,0,0,0,0,-,-,-
TB Alert,tbalert,1,1,1,0,0,0,0.0,0.0,0.0
Teach A Man To Fish,tamtf,0,0,0,0,0,0,-,-,-
Teach For Pakistan,tfp,1,1,1,0,0,0,0.0,0.0,0.0
TEAR fund Nederland,tear,13,13,7,8,8,5,61.53846153846154,61.53846153846154,71.42857142857143
Tearfund,tearfund,3,3,2,1,1,0,33.33333333333333,33.33333333333333,0.0
Tearfund VZW (TFBE),tfb_admin1,0,0,0,0,0,0,-,-,-
TechnoServe,tns,2,2,2,1,1,0,50.0,50.0,0.0
Terre des Hommes Netherlands,tdh_nl,37,37,29,32,33,26,86.48648648648648,89.1891891891892,89.65517241379311
Terre des hommes- Aide à l'enfance dans le monde- Fondation,tdh_foundation,1,1,0,1,0,0,100.0,0.0,-
The Access to Nutrition Foundation,atnf,17,17,17,0,0,0,0.0,0.0,0.0
The AGRI3 Fund,agri3_fund,7,7,7,0,0,0,0.0,0.0,0.0
The Asia Foundation,taf,39,39,39,0,0,0,0.0,0.0,0.0
The Carter Center,carter-center,0,0,0,0,0,0,-,-,-
the center for victimized women and children,cavwoc,0,0,0,0,0,0,-,-,-
The Centre for Economic Governance and Accountability in Africa  (CEGAA),cegaa,6,6,6,6,0,0,100.0,0.0,0.0
The Climate Change Organisation,climate-group,0,0,0,0,0,0,-,-,-
The Coca-Cola Export Corporation,tccec,0,0,0,0,0,0,-,-,-
The Commonwealth Secretariat,commonwealthsecretariat,35,35,35,0,0,0,0.0,0.0,0.0
The Convention on Business Integrity,cbi-nigeria,0,0,0,0,0,0,-,-,-
The Education Commission,educomm,2,2,2,2,0,0,100.0,0.0,0.0
The Faraday Institution,thefaradayinstitution,0,0,0,0,0,0,-,-,-
The Foundation Center,foundation_center,0,0,0,0,0,0,-,-,-
The Fred Hollows Foundation (UK),fhfuk,0,0,0,0,0,0,-,-,-
The Freedom Fund,tff,4,4,4,0,0,0,0.0,0.0,0.0
The Freedom Fund (US),tffus,0,0,0,0,0,0,-,-,-
The Global Alliance for Improved Nutrition,gain,95,95,76,0,0,0,0.0,0.0,0.0
The Global Center on Adaptation,gca,1,1,1,1,1,1,100.0,100.0,100.0
"The Global Development Incubator, Inc",gdi,2,2,2,2,2,2,100.0,100.0,100.0
The Global Forum on MSM & HIV (MSMGF),msmgf,6,6,6,0,0,0,0.0,0.0,0.0
"The Global Fund to Fight AIDS, Tuberculosis and Malaria",theglobalfund,161,161,65,161,159,34,100.0,98.75776397515527,52.307692307692314
The Global Initiative Against Transnational Organized Crime,gi-toc,0,0,0,0,0,0,-,-,-
the global steering group for impact investment,gsg,2,2,2,0,0,0,0.0,0.0,0.0
The Hague Academy for Local Governance,tha,7,7,7,7,7,7,100.0,100.0,100.0
The HALO Trust,halo,7,7,7,2,2,2,28.57142857142857,28.57142857142857,28.57142857142857
The Hunger Project Netherlands,thp_org,4,4,4,0,0,0,0.0,0.0,0.0
The Institute for Strategic Dialogue,isdglobal,0,0,0,0,0,0,-,-,-
The International Children's Trust,theict,1,1,1,0,0,0,0.0,0.0,0.0
The International Institute for Strategic Studies,iiss,0,0,0,0,0,0,-,-,-
The International Institute for Sustainable Development,iisd,1,1,1,1,1,1,100.0,100.0,100.0
The International Rescue Committee,irc_inc,12,12,10,7,4,2,58.333333333333336,33.33333333333333,20.0
The Legal Aid Forum,laf,2,2,2,0,0,0,0.0,0.0,0.0
The Leprosy Mission England and Wales,tlmew,3,3,3,2,1,1,66.66666666666666,33.33333333333333,33.33333333333333
The Leprosy Mission Nepal,tlmnepal,3,3,3,2,1,0,66.66666666666666,33.33333333333333,0.0
The Liaison Office,tlo,0,0,0,0,0,0,-,-,-
The Mailman School of Public Health,mailman_school_of_public_health,1,1,1,1,0,0,100.0,0.0,0.0
The MENTOR Initiative,the_mentor_initiative,1,1,1,1,0,0,100.0,0.0,0.0
The National Association of Municipalities of Benin (ANCB),ancb_benin,0,0,0,0,0,0,-,-,-
The OPEC Fund for International Development (OFID),ofid,1460,1460,1460,0,0,0,0.0,0.0,0.0
The Open University,open_university,6,6,4,4,4,1,66.66666666666666,66.66666666666666,25.0
The Palestinian Initiative for the Promotion of Global Dialogue and Democracy-MIFTAH,miftah,1,1,1,1,1,1,100.0,100.0,100.0
"The Population Council, Inc.",populationcouncil,2,2,1,0,0,0,0.0,0.0,0.0
The Power of Nutrition,the_power_of_nutrition,11,11,7,6,4,2,54.54545454545454,36.36363636363637,28.57142857142857
The Princess Alia Foundation,paf_2018,4,4,4,0,0,0,0.0,0.0,0.0
The Proforest Initiative UK,pi-uk,2,2,2,0,0,0,0.0,0.0,0.0
The Queen Elizabeth Diamond Jubilee Trust,qedjt,0,0,0,0,0,0,-,-,-
The Salvation Army International Development UK,said-uk,1,1,1,0,0,0,0.0,0.0,0.0
The Samdhana Institute,samdhana_institute,1,1,1,1,0,0,100.0,0.0,0.0
The Uganda Association of Women Lawyers ( FIDA Uganda),fidauganda,1,1,1,0,0,0,0.0,0.0,0.0
The United Nations Relief and Works Agency for Palestine Refugees in the Near East (UNRWA),unrwa,18,18,9,18,0,0,100.0,0.0,0.0
"The University of Dodoma (UDOM), Tanzania",udom,0,0,0,0,0,0,-,-,-
The University of Manchester,uom,2,2,2,0,0,0,0.0,0.0,0.0
The University of Oxford,oxford,4,4,3,2,1,0,50.0,25.0,0.0
The University of Sheffield,tuos,0,0,0,0,0,0,-,-,-
"The University of the West of England, Bristol",uwe,1,1,1,0,0,0,0.0,0.0,0.0
The William and Flora Hewlett Foundation,hewlett-foundation,29,29,7,0,0,0,0.0,0.0,0.0
The World Bank,worldbank,1476,1476,1093,1443,1370,1006,97.76422764227642,92.81842818428184,92.04025617566332
Theatre for a Change Malawi,tfacmalawi,0,0,0,0,0,0,-,-,-
Theatre for a Change UK,tfac,0,0,0,0,0,0,-,-,-
Third World Network Africa,twnafrica,1,1,1,1,1,1,100.0,100.0,100.0
Thomson Reuters Foundation,trf,1,1,1,1,0,0,100.0,0.0,0.0
Tifa Foundation,tifa_foundation,0,0,0,0,0,0,-,-,-
Timber Trade Federation Ltd.,ttf,0,0,0,0,0,0,-,-,-
Timidria,timidria,0,0,0,0,0,0,-,-,-
TradeMark East Africa,tmea,38,38,2,0,0,0,0.0,0.0,0.0
TRAFFIC International,traffic,1,1,1,0,0,0,0.0,0.0,0.0
Traidcraft Exchange,traidcraft,0,0,0,0,0,0,-,-,-
TRAIDE Foundation,traide_foundation,1,1,1,1,1,1,100.0,100.0,100.0
Transform Africa,transafrica19,0,0,0,0,0,0,-,-,-
transforma,transforma,0,0,0,0,0,0,-,-,-
Transition International,ti_nl,1,1,1,1,1,1,100.0,100.0,100.0
Transnational Institute,tni,0,0,0,0,0,0,-,-,-
Transparency International Bangladesh,tib,0,0,0,0,0,0,-,-,-
Transparency International Kenya,ti_kenya,0,0,0,0,0,0,-,-,-
Transparency International Secretariat,transparency-international,5,5,3,1,0,0,20.0,0.0,0.0
Transparency International UK,ti-uk,0,0,0,0,0,0,-,-,-
Transparently Lebanese,transparently_lebanese,1,1,1,0,0,0,0.0,0.0,0.0
TREE AID,treea,2,2,2,0,0,0,0.0,0.0,0.0
Triangle Génération Humanitaire,tgh,0,0,0,0,0,0,-,-,-
Trianglen,trianglen,41,41,41,14,4,0,34.146341463414636,9.75609756097561,0.0
Trias,trias,0,0,0,0,0,0,-,-,-
Triggerise Ethiopia,trig,2,2,2,0,0,0,0.0,0.0,0.0
Triple Line,tripleline_crownagents,113,113,113,0,0,0,0.0,0.0,0.0
Trocaire,trocaire,1,1,1,1,1,1,100.0,100.0,100.0
Trocaire (Northern Ireland),troc,1,1,1,1,1,1,100.0,100.0,100.0
Tropenbos International,tbi,33,33,16,33,2,1,100.0,6.0606060606060606,6.25
Tropical Health and Education Trust,tropicalhealth,1,1,1,0,0,0,0.0,0.0,0.0
Trust for Africa's Orphans,tao-03473165,0,0,0,0,0,0,-,-,-
Trust for Indigenous Culture and Health,ticah,1,1,1,0,0,0,0.0,0.0,0.0
TrustAfrica,trustafrica,16,16,16,16,16,16,100.0,100.0,100.0
Twaweza,twaweza,0,0,0,0,0,0,-,-,-
Twin,twin-iati,2,2,2,0,0,0,0.0,0.0,0.0
Twynstra Gudde,twynstragudde,0,0,0,0,0,0,-,-,-
Uganda Martyrs University,umu,0,0,0,0,0,0,-,-,-
UHAI EASHRI,uhai-eashri,9,9,9,4,0,0,44.44444444444444,0.0,0.0
"UK - Department for Business, Energy and Industrial Strategy (BEIS)",beis,84,84,50,41,40,5,48.80952380952381,47.61904761904761,10.0
"UK - Department for Digital, Culture, Media and Sport",dcms,0,0,0,0,0,0,-,-,-
"UK - Department for Environment, Food and Rural Affairs",defra_transparency,18,18,16,7,7,4,38.88888888888889,38.88888888888889,25.0
UK - Department for Work and Pensions,dwp,1,1,1,1,0,0,100.0,0.0,0.0
UK - Department of Health and Social Care (DHSC),dhsc,82,82,68,72,69,55,87.8048780487805,84.14634146341463,80.88235294117648
"UK - Foreign, Commonwealth and Development Office",fcdo,1213,1213,1031,952,662,406,78.48309975267931,54.57543281121187,39.37924345295829
UK - Home Office,homeoffice,0,0,0,0,0,0,-,-,-
UK - Medical Research Council,mrc,186,186,186,0,0,0,0.0,0.0,0.0
UK - Ministry of Defence,ukmod,0,0,0,0,0,0,-,-,-
UK - Scottish Government,scottish_government,0,0,0,0,0,0,-,-,-
UK – Department for Education,dfe,0,0,0,0,0,0,-,-,-
UK-Med,uk-med,2,2,2,0,0,0,0.0,0.0,0.0
ULB-Coopération,ulbcoop,0,0,0,0,0,0,-,-,-
UN Global Compact Local Network UK,ungc-uk,1,1,1,1,0,0,100.0,0.0,0.0
UN Pooled Funds,unpf,9183,9183,9145,0,0,0,0.0,0.0,0.0
UN Women,unw,784,784,498,705,521,282,89.9234693877551,66.45408163265306,56.62650602409639
UN-Habitat,unhabitat,25,25,16,0,0,0,0.0,0.0,0.0
Unicef Belgium National Committee,ub,0,0,0,0,0,0,-,-,-
UNICEF Netherlands National Committee,unicefnl,2,2,2,0,0,0,0.0,0.0,0.0
Unie van Waterschappen,uvw,19,19,19,18,0,0,94.73684210526315,0.0,0.0
Unilever,ul,1,1,1,0,0,0,0.0,0.0,0.0
Union des Villes et Communes de Wallonie (UVCW),uvcw,0,0,0,0,0,0,-,-,-
Union of Agricultural Work Committees,uawc,0,0,0,0,0,0,-,-,-
UNITAID,utd,26,26,15,24,23,11,92.3076923076923,88.46153846153845,73.33333333333333
United Disabled Persons of Kenya,udpk,0,0,0,0,0,0,-,-,-
United Mission to Nepal,umn,0,0,0,0,0,0,-,-,-
United Nations Capital Development Fund,uncdf,9,9,5,0,0,0,0.0,0.0,0.0
United Nations Central Emergency Response Fund (CERF),cerf,53,53,47,53,53,47,100.0,100.0,100.0
United Nations Children's Fund (UNICEF),unicef,1471,1471,1326,1471,1471,1326,100.0,100.0,100.0
United Nations Development Coordination Office,undco,0,0,0,0,0,0,-,-,-
United Nations Development Programme (UNDP),undp,3200,3200,1491,3050,2114,878,95.3125,66.0625,58.886653252850444
"United Nations Educational, Scientific and Cultural Organization (UNESCO)",unesco,209,209,89,209,184,82,100.0,88.03827751196172,92.13483146067416
United Nations Environment Programme (UNEP),un-environment,13,13,4,13,8,3,100.0,61.53846153846154,75.0
United Nations Foundation,unf,1,1,1,0,0,0,0.0,0.0,0.0
United Nations High Commissioner for Refugees (UNHCR),unhcr,26,26,26,26,26,26,100.0,100.0,100.0
United Nations Industrial Development Organization (UNIDO),unido,2148,2148,1272,473,262,100,22.02048417132216,12.197392923649906,7.861635220125786
United Nations Joint Programme on HIV and AIDS Secretariat (UNAIDS),unaids,0,0,0,0,0,0,-,-,-
United Nations Office for Project Services (UNOPS),unops,1878,1878,1878,267,10,0,14.217252396166133,0.5324813631522897,0.0
United Nations Office for the Coordination of Humanitarian Affairs (OCHA),unocha,40,40,40,40,40,40,100.0,100.0,100.0
United Nations Office for the Coordination of Humanitarian Affairs (Specially-Designated Contributions),unocha-sdc,1,1,0,1,0,0,100.0,0.0,-
United Nations Population Fund,unfpa,0,0,0,0,0,0,-,-,-
United Nations World Food Programme (WFP),wfp,126,126,100,126,126,100,100.0,100.0,100.0
United Purpose,cu,0,0,0,0,0,0,-,-,-
United States,unitedstates,1307,1307,854,0,0,0,0.0,0.0,0.0
United States Agency for International Development (USAID),usaid,2306,2306,1444,0,0,0,0.0,0.0,0.0
United Work,united_work,0,0,0,0,0,0,-,-,-
United World Schools,uws,1,1,1,1,1,1,100.0,100.0,100.0
Universidad de los Andes,uand_2020,0,0,0,0,0,0,-,-,-
Universitair Centrum voor Ontwikkelingssamenwerking,ucos,0,0,0,0,0,0,-,-,-
Universiteit Leiden,universiteit_leiden,1,1,1,1,1,1,100.0,100.0,100.0
Universiti Malaya,rmc_um,0,0,0,0,0,0,-,-,-
University College London,ucl,1,1,1,0,0,0,0.0,0.0,0.0
University of Amsterdam,uva_org,1,1,1,0,0,0,0.0,0.0,0.0
University of Birmingham,universityofbirmingham,1,1,1,1,0,0,100.0,0.0,0.0
University of Cape Town,uct,0,0,0,0,0,0,-,-,-
University of Central Lancashire,uclan,1,1,1,0,0,0,0.0,0.0,0.0
University of Dar es Salaam,udsm-cbs,0,0,0,0,0,0,-,-,-
University of Dundee,uodcepmlp,4,4,4,1,0,0,25.0,0.0,0.0
University of Edinburgh,uoe,3,3,3,1,1,1,33.33333333333333,33.33333333333333,33.33333333333333
University of Kinshasa,dspd_unikin,3,3,3,0,0,0,0.0,0.0,0.0
University of Leeds,leedsuni,1,1,1,1,1,1,100.0,100.0,100.0
University Of Liverpool,uol,3,3,3,1,1,1,33.33333333333333,33.33333333333333,33.33333333333333
University of Nottingham,uni_of_nottingham,0,0,0,0,0,0,-,-,-
University of York,uoy,0,0,0,0,0,0,-,-,-
University Of Zimbabwe,1-uz,1,1,1,0,0,0,0.0,0.0,0.0
University Putra Malaysia,upm,0,0,0,0,0,0,-,-,-
University Twente,utwente,0,0,0,0,0,0,-,-,-
Upper Quartile,uq,0,0,0,0,0,0,-,-,-
Urgent Action Fund for Women's Human Rights,uaf,4,4,4,4,4,4,100.0,100.0,100.0
Urgent Action Fund Latin America and the Caribbean,uafla,0,0,0,0,0,0,-,-,-
Urgent Action Fund-Africa,uaf-africa,4,4,4,4,4,4,100.0,100.0,100.0
UTZ,utz,0,0,0,0,0,0,-,-,-
UWEZO Youth Empowerment,uwezo_youth_empowerment,0,0,0,0,0,0,-,-,-
Varkey Foundation,varkeyfoundation,38,38,38,0,0,0,0.0,0.0,0.0
VEI (Vitens-Evides International),vei_nl,3,3,3,1,1,1,33.33333333333333,33.33333333333333,33.33333333333333
Vera Solutions,vera-solutions,0,0,0,0,0,0,-,-,-
VETERINAIRES SANS FRONTIERES / DIERENARTSEN ZONDER GRENZEN - BELGIUM,vsfbelgium,0,0,0,0,0,0,-,-,-
VIA Don Bosco,via-db,0,0,0,0,0,0,-,-,-
Village Enterprise,villageenterprise,0,0,0,0,0,0,-,-,-
Village Water Ltd,villagewater,1,1,1,0,0,0,0.0,0.0,0.0
Vision Aid Overseas,vao,1,1,1,0,0,0,0.0,0.0,0.0
Vision for a Nation Foundation,vfan,0,0,0,0,0,0,-,-,-
VisionFund International,vfi,0,0,0,0,0,0,-,-,-
Viva,viva,1,1,1,1,1,0,100.0,100.0,0.0
Viva Salud,g3w-m3m_admin,0,0,0,0,0,0,-,-,-
Vlaamse Interuniversitaire Raad voor Universitaire Ontwikkelingssamenwerking (VLIR-UOS),vlir-uos,0,0,0,0,0,0,-,-,-
VNG International,vngi,20,20,18,8,8,8,40.0,40.0,44.44444444444444
Voluntary Health Association of India,vhai-org,0,0,0,0,0,0,-,-,-
Voluntary Service Overseas (VSO),vso,3,3,2,1,0,0,33.33333333333333,0.0,0.0
VVOB Education for Development,vvob,0,0,0,0,0,0,-,-,-
VVSG - Vereniging van Vlaamse Steden en Gemeenten,vvsg,0,0,0,0,0,0,-,-,-
Wageningen University & Research - Stichting Wageningen Research,wageningen_ur,4,4,4,3,3,3,75.0,75.0,75.0
Wala Ltd,walaltd,1,1,1,0,0,0,0.0,0.0,0.0
War Child Canada,wcc,0,0,0,0,0,0,-,-,-
War Child Holland,warchildholland,7,7,6,0,0,0,0.0,0.0,0.0
War Child UK,wcuk,6,6,2,2,2,0,33.33333333333333,33.33333333333333,0.0
War on Want,waronwant,1,1,1,0,0,0,0.0,0.0,0.0
War on Want NI,wowni,0,0,0,0,0,0,-,-,-
WASH Alliance International,wai,0,0,0,0,0,0,-,-,-
WASTE advisers on urban environment and development,waste,1,1,1,1,1,1,100.0,100.0,100.0
WasteAid UK,wasteaid,3,3,3,0,0,0,0.0,0.0,0.0
Water & Land Resource Center - Addis Ababa University,wlrc_aau,1,1,1,0,0,0,0.0,0.0,0.0
Water & Sanitation for the Urban Poor (WSUP),wsup,0,0,0,0,0,0,-,-,-
Water Finance Facility,wff,1,1,1,0,0,0,0.0,0.0,0.0
Water for People,w4p,0,0,0,0,0,0,-,-,-
Water Integrity Network Association,win,6,6,6,0,0,0,0.0,0.0,0.0
Water Witness International,water-witness-international,6,6,6,0,0,0,0.0,0.0,0.0
Water Works,waterworks,0,0,0,0,0,0,-,-,-
WaterAid,wateraid,2,2,2,1,1,1,50.0,50.0,50.0
Wayamo Foundation,wayamo,0,0,0,0,0,0,-,-,-
We Effect,weeffect,2,2,2,0,0,0,0.0,0.0,0.0
We World - GVC Onlus,ww-gvc,0,0,0,0,0,0,-,-,-
Welbodi Partnership,welbodipartnership,0,0,0,0,0,0,-,-,-
Wellfound,wellfound,2,2,2,0,0,0,0.0,0.0,0.0
Welsh Centre for International Affairs,wcia,0,0,0,0,0,0,-,-,-
Welthungerhilfe,whh,16,16,7,15,8,7,93.75,50.0,100.0
Wemos Foundation,wemos,8,8,8,8,1,1,100.0,12.5,12.5
Wereldsolidariteit-Solidarité Mondiale (WSM),wsm,0,0,0,0,0,0,-,-,-
West Africa Network for Peacebuilding,wanep,1,1,1,1,1,1,100.0,100.0,100.0
Westminster Foundation for Democracy,wfd,1,1,1,0,0,0,0.0,0.0,0.0
Wetlands International,wi,0,0,0,0,0,0,-,-,-
Wildlife Conservation Society,wcs,0,0,0,0,0,0,-,-,-
WILPF,wilpf_22,0,0,0,0,0,0,-,-,-
Win Win Strategies,wws,1,1,1,1,1,1,100.0,100.0,100.0
Windle Trust Kenya,wtk,1,1,1,0,0,0,0.0,0.0,0.0
WNF Wereld Natuur Fonds,wnf,6,6,6,2,2,2,33.33333333333333,33.33333333333333,33.33333333333333
"WO=MEN, Dutch Gender Platform",wo-men,3,3,3,2,2,2,66.66666666666666,66.66666666666666,66.66666666666666
Wolayita Development Association,woda_0486,0,0,0,0,0,0,-,-,-
Womankind Worldwide,womankindworld,4,4,4,1,1,1,25.0,25.0,25.0
Women and Children First (UK),wcf,0,0,0,0,0,0,-,-,-
Women Challenged to Challenge,wctc,1,1,1,1,1,1,100.0,100.0,100.0
Women Engage for a Common Future,wecf,14,14,14,14,14,14,100.0,100.0,100.0
Women Environmental Programme,wep,17,17,17,0,0,0,0.0,0.0,0.0
Women for Women International (UK),wfwiuk,1,1,1,1,1,1,100.0,100.0,100.0
Women Peacemakers Program,wpp,1,1,1,0,0,0,0.0,0.0,0.0
Women's Action Group,wag-1983,0,0,0,0,0,0,-,-,-
Women's Centre for Legal Aid and Counselling,wclac,1,1,1,0,0,0,0.0,0.0,0.0
Women's Environment & Development Organization,wedo,0,0,0,0,0,0,-,-,-
Women's Fund Asia,wf-asia,4,4,4,4,4,4,100.0,100.0,100.0
Women's Global Network on Reproductive Rights,wgnrr_iati,0,0,0,0,0,0,-,-,-
Women's International Peace Centre,wipc,0,0,0,0,0,0,-,-,-
Women's Refugee Commission,w_r_c,0,0,0,0,0,0,-,-,-
World Agroforestry Centre,icraf_,0,0,0,0,0,0,-,-,-
World Association for Christian Communication (UK),wacc-uk,0,0,0,0,0,0,-,-,-
World Bank Trust Funds,wbtf,147,147,87,0,0,0,0.0,0.0,0.0
World Benchmarking Alliance Foundation,wba,2,2,2,0,0,0,0.0,0.0,0.0
World Child Cancer UK,wccuk,4,4,4,3,2,0,75.0,50.0,0.0
World Economic Forum,worldeconomicforum,1,1,1,0,0,0,0.0,0.0,0.0
World Economic Forum Geneva,weforum_geneva,0,0,0,0,0,0,-,-,-
World Education Inc.,wei,1,1,1,0,0,0,0.0,0.0,0.0
World Federalist Movement - Institute for Global Policy,wfm-igp,1,1,1,0,0,0,0.0,0.0,0.0
World Health Organization (WHO),who,4697,4697,0,4697,4697,0,100.0,100.0,-
World Horse Welfare,whw2019,1,1,1,0,0,0,0.0,0.0,0.0
World Jewish Relief,wjr_001,0,0,0,0,0,0,-,-,-
World Resources Institute,wri,0,0,0,0,0,0,-,-,-
World University Service of Canada,wusc,1,1,1,0,0,0,0.0,0.0,0.0
World Vegetable Center,worldveg,3,3,3,3,3,3,100.0,100.0,100.0
World Vision Central African Republic,wv_cf,0,0,0,0,0,0,-,-,-
World Vision Democratic Republic of Congo,wv_cd,1,1,1,1,1,0,100.0,100.0,0.0
World Vision Ethiopia,wv_et_activities,0,0,0,0,0,0,-,-,-
World Vision Germany,wv_de,27,27,13,0,0,0,0.0,0.0,0.0
World Vision International,wvi,68,68,68,0,0,0,0.0,0.0,0.0
World Vision Netherlands,wvnld,1,1,0,1,0,0,100.0,0.0,-
World Vision UK,wvuk,11,11,7,5,4,1,45.45454545454545,36.36363636363637,14.285714285714285
World Vision Zimbabwe,wvz-gec,0,0,0,0,0,0,-,-,-
World Waternet,worldwaternet,6,6,0,6,6,0,100.0,100.0,-
World Wide Fund for Nature - Kenya,wwf-kenya,2,2,2,1,1,1,50.0,50.0,50.0
World Wide Fund for Nature - Pakistan,wwfpakistan,0,0,0,0,0,0,-,-,-
World Wide Fund for Nature Belgium (WWF-BE),wwf-be,0,0,0,0,0,0,-,-,-
World Wide Fund for Nature Denmark,wwfdk,7,7,7,0,0,0,0.0,0.0,0.0
World Wide Fund for Nature Zambia,wwfzambia,1,1,1,1,1,1,100.0,100.0,100.0
"World Wildlife Fund Inc, Bolivia Program Office",wwf_bolivia,1,1,1,1,1,1,100.0,100.0,100.0
World Young Women's Christian Association,world_ywca,5,5,5,5,5,5,100.0,100.0,100.0
Worldwide Hospice Palliative Care Alliance,whpca,0,0,0,0,0,0,-,-,-
WSP USA Solutions Inc.,lbg,1,1,1,1,1,0,100.0,100.0,0.0
WWF Indonesia,wwf_id,1,1,1,1,1,1,100.0,100.0,100.0
WWF Paraguay,wwf-py,1,1,1,1,1,1,100.0,100.0,100.0
WWF Sweden,wwf-se,1,1,1,0,0,0,0.0,0.0,0.0
WWF TUNISIA,wwfna,1,1,1,1,1,0,100.0,100.0,0.0
WWF-BRASIL,wwfbr,1,1,1,1,1,1,100.0,100.0,100.0
WWF-UK,wwf-uk,24,24,24,1,1,1,4.166666666666666,4.166666666666666,4.166666666666666
WYG International B.V.,wygi,2,2,1,2,2,0,100.0,100.0,0.0
Y Care International,ycare,1,1,1,0,0,0,0.0,0.0,0.0
Yamaan Foundation for Health and Social Development,yffhsd,1,1,1,1,1,1,100.0,100.0,100.0
Yayasan PEKKA,pekka_21,1,1,1,1,1,1,100.0,100.0,100.0
YMCA of Liberia,libymca,1,1,1,0,0,0,0.0,0.0,0.0
Young Africa International HUB,yai-hub,2,2,2,0,0,0,0.0,0.0,0.0
Young Innovations Pvt. Ltd,yipl,0,0,0,0,0,0,-,-,-
Young Women Christian Association of South Sudan (YWCA SS),ywcass,1,1,1,1,1,1,100.0,100.0,100.0
Young Women's Christian Association of Kenya,ywcakenya,1,1,1,1,1,1,100.0,100.0,100.0
Youth Business International,ybi,0,0,0,0,0,0,-,-,-
Youth Development Labs Inc,ylabs,1,1,1,0,0,0,0.0,0.0,0.0
Youth Net and Counselling - YONECO,yoneco1997,1,1,1,0,0,0,0.0,0.0,0.0
YWCA of Bangladesh,ywcabd,0,0,0,0,0,0,-,-,-
YWCA Palestine,ywca,1,1,1,1,1,1,100.0,100.0,100.0
Zambia Orphans Aid UK,zoa_uk,0,0,0,0,0,0,-,-,-
Zimbabwe Educational Trust,zet,0,0,0,0,0,0,-,-,-
Zing,zing,13,13,13,0,0,0,0.0,0.0,0.0
ZOA,zoa,13,13,9,11,11,8,84.61538461538461,84.61538461538461,88.88888888888889
Zoological Society of London,zsl,10,10,9,8,8,2,80.0,80.0,22.22222222222222
