Publisher Name,Publisher Registry Id,Publisher Type,Timeliness,Forward looking,Comprehensiveness,Score
7iber Media Consulting,7iberdotcom,Private Sector,25,66.66666666666667,80,57
Aapasi Sahayog Kendra Syangja Nepal (ASK Nepal),ask,National NGO,0,0.0,59,20
Aasaman Nepal,aasaman,National NGO,0,0.0,0,0
ABAAD - Resource Center for Gender Equality,arcfge,National NGO,12,0.0,61,24
Abaseen Foundation UK,abaseen,International NGO,0,0.0,0,0
Abdul Latif Jameel Poverty Action Lab at MIT,jpal,"Academic, Training and Research",62,66.66666666666667,72,67
Able Child Africa,ablechildafrica,International NGO,25,0.0,0,8
Abt Associates Inc,abt,Private Sector,25,0.0,70,32
Abt Britain Limited,abtbritain,Private Sector,0,91.66666666666667,72,55
Académie de recherche et d'enseignement supérieur,ares,"Academic, Training and Research",12,0.0,0,4
Accelerator Nepal,acceleratornepal,National NGO,0,0.0,68,23
Access to Medicine Foundation,atmf,Foundation,75,0.0,0,25
Access to Seeds Foundation,atsf,International NGO,0,0.0,51,17
Accountability Lab,alab,National NGO,38,0.0,69,36
Acid Survivors Foundation,_admin,National NGO,0,0.0,68,23
ACODEV,acodev,National NGO,0,0.0,0,0
Across,across,International NGO,0,0.0,0,0
ACT Alliance,act_alliance,International NGO,25,0.0,62,29
act4africa,act4africa,International NGO,0,0.0,0,0
ACTED,acted,International NGO,25,0.0,58,28
ACTION AGAINST HUNGER SPAIN,acfspain,International NGO,0,0.0,59,20
Action Against Hunger UK,acf,International NGO,62,17.0,66,48
Action Against Hunger USA,aahusa,International NGO,12,0.0,54,22
Action Canada for Sexual Health and Rights,acfshr,International NGO,62,100.0,81,81
Action Contre la Faim,acf-fr,International NGO,0,0.0,0,0
ActionAid Bangladesh,aab,International NGO,38,0.0,72,37
ActionAid Denmark (Mellemfolkeligt Samvirke),aadk,International NGO,75,0.0,61,45
ActionAid Ghana,aag,National NGO,12,0.0,0,4
ActionAid International,aai,International NGO,12,0.0,0,4
ACTIONAID INTERNATIONAL KENYA,aaik,International NGO,88,33.333333333333336,81,67
ActionAid Rwanda,aar,National NGO,38,0.0,80,39
ActionAid UK,aauk,International NGO,100,77.66666666666667,76,85
Acumen,acumen,International NGO,62,50.0,62,58
Adam Smith International,asi,Private Sector,38,50.0,76,55
Adaptation Fund,af,Multilateral,0,0.0,62,21
ADD International (Action on Disability and Development),addinternational,International NGO,88,33.333333333333336,62,61
Administração de Infra-Estruturas de Águas e Saneamento,aias,Government,62,100.0,74,79
ADRA Denmark,adra-dk,National NGO,62,16.666666666666668,55,45
ADRA-UK,adrauk,International NGO,0,0.0,72,24
ADS-Nyanza,ads-nyanza,Other Public Sector,0,0.0,0,0
Advance Consulting,ac1999,Private Sector,12,66.66666666666667,83,54
Adventist Development and Relief Agency (ADRA Somalia),adrasom,International NGO,0,0.0,0,0
"Adventist Development and Relief Agency, Nepal",adra_nepal,International NGO,0,0.0,0,0
AECOM,aecom,Private Sector,0,0.6666666666666666,62,21
Aeras,aeras,International NGO,0,0.0,66,22
AFEW International,afewinternational,International NGO,12,0.0,0,4
Afghanaid,afghanaid,International NGO,62,0.0,58,40
Afghanistan and Central Asian Association,acaa,International NGO,0,0.0,0,0
Afghanistan Public Policy Research Organization (APPRO),appro-af,"Academic, Training and Research",0,0.0,0,0
Africa Educational Trust,aet,International NGO,0,0.0,54,18
Africalia,africalia,Other Public Sector,12,0.0,0,4
African Academy of Sciences,aas,International NGO,0,0.0,54,18
African Center for Economic Transformation (ACET),acet,Regional NGO,62,0.0,66,43
African Centre for Global Health and Social Transformation,achest,International NGO,0,0.0,0,0
African Development Bank,afdb,Multilateral,100,63.333333333333336,97,87
African Initiatives,ai_1064413,International NGO,12,0.0,0,4
African Institute For Development Policy,afidep,International NGO,0,0.0,0,0
African Parks Network,african_parks,International NGO,0,0.0,64,21
African Population and Health Research Center,aphrc,International NGO,0,0.0,74,25
African Revival,africanrevival,International NGO,0,0.0,72,24
African Security Sector Network,assn,National NGO,38,0.0,78,39
African Tax Administration Forum,ataf,International NGO,0,0.0,68,23
African Women's Development and Communication Network,femnet,Regional NGO,25,100.0,74,66
African Women's Development Fund,awdf,Regional NGO,62,20.0,75,52
Afrikagrupperna Sweden,afrikagrupperna,International NGO,0,0.0,0,0
AfriKids,afrikids,International NGO,62,0.0,80,47
Aga Khan Foundation (United Kingdom),akfuk73,International NGO,88,0.0,58,49
Aga Khan Foundation Afghanistan,akf_afghanistan,Foundation,0,0.0,54,18
AgDevCo,agdevco,Private Sector,0,0.0,64,21
Agence Française de Développement,afd,Other Public Sector,100,84.33333333333333,90,91
Agence Nationale d'Approvisionnement en Eau Potable en Milieu Rural du Benin,anaepmr_benin,Government,12,0.0,66,26
Agency for Cooperation and Research in Development (ACORD),acord,International NGO,0,0.0,70,23
AgResults Initiative,agresults,Multilateral,0,20.0,62,27
Agulhas Applied Knowledge,aak,Private Sector,0,33.333333333333336,76,36
Agência de Desenvolvimento do Vale do Zambeze,agencia_do_zambeze,Government,75,0.0,75,50
AICS - Agenzia Italiana per la Cooperazione allo Sviluppo / Italian Agency for Cooperation and Development,aics,Government,88,0.0,65,51
AidData,aiddata,"Academic, Training and Research",0,0.0,64,21
Aidsfonds - Soa Aids Nederland,nl-kvk-41207989,International NGO,88,7.333333333333333,81,59
AIDSPAN,aidspan,International NGO,0,0.0,56,19
Ajuda de Desenvolvimento de Povo para Povo (ADPP),adpp,National NGO,0,0.0,57,19
Akina Mama wa Afrika,amwa,International NGO,0,0.0,54,18
Aktis Strategy Ltd,aktis,Private Sector,0,0.0,65,22
Akvo Foundation,akvo,International NGO,38,0.0,97,45
Al Majmoua,al_majmoua,National NGO,0,0.0,77,26
Alcis Holdings Limited,alcis,Private Sector,0,0.0,0,0
Alfalit,alfalit,National NGO,0,0.0,23,8
Alinea International Ltd.,alineainternational_2020,Private Sector,12,0.0,62,25
All We Can (formerly Methodist Relief and Development Fund),allwecan,International NGO,0,0.0,0,0
Allergy and Asthma Institute Pakistan,aaip,"Academic, Training and Research",0,0.0,57,19
Alliance for a Green Revolution for Africa,agra,International NGO,38,66.66666666666667,68,58
Alliance of Religions and Conservation,alliance_of_religions_and_conservation,International NGO,0,0.0,65,22
Altai Consulting,altai,Private Sector,0,0.0,59,20
American Friends Service Committee,afsc,"Academic, Training and Research",0,0.0,0,0
Amnesty International The Netherlands,amnesty,International NGO,12,0.0,80,31
Amnesty International UK Section Charitable Trust,aiuk,International NGO,0,0.0,62,21
Amref Flying Doctors,amrefnl,National NGO,75,38.333333333333336,80,64
Amref Health Africa - UK,amrefha,International NGO,0,0.0,73,24
Amref Health Africa Headquarters,amrefhq,International NGO,0,0.0,0,0
Amref Health Africa in Ethiopia,amrefeth,International NGO,0,0.0,73,24
Amref Health Africa in Kenya,amrefkenya,International NGO,12,0.0,86,33
Amref Health Africa in Tanzania,amreftz,International NGO,0,0.0,70,23
Amref Health Africa in Uganda,amrefug,National NGO,38,0.0,86,41
Amref Health Africa Malawi,amrefmw,National NGO,0,0.0,89,30
Ananda Marga Universal Relief Team (AMURT) Africa,amurt_kenya,National NGO,38,0.0,68,35
ANDA,anda,National NGO,0,0.0,23,8
Anti-Slavery International,asil,International NGO,25,0.0,60,28
APPRO-Europe,appro-eu,"Academic, Training and Research",0,0.0,0,0
APT Action on Poverty,apt,International NGO,62,66.66666666666667,80,70
Aqua for All,aqua4all,Foundation,50,0.0,80,43
Arab foundation for freedoms and equality,afemena,Regional NGO,0,0.0,0,0
Arab Reporters for Investigative Journalism,arij,"Academic, Training and Research",38,66.66666666666667,80,62
ARK (Absolute Return for Kids),ark,International NGO,0,0.0,67,22
Article19,art19,International NGO,25,66.66666666666667,76,56
Ashoka East Africa,ashoka,International NGO,75,0.0,0,25
Asia Justice and Rights,ajar,Regional NGO,0,0.0,0,0
Asian Coalition for Housing Rights,achr,Regional NGO,0,0.0,51,17
Asian Development Bank,asdb,Multilateral,100,97.66666666666667,98,99
Assistance Mission for Africa,ama-south-sudan,National NGO,38,100.0,86,75
Association Centrafricaine de Traduction de la Bible et Alphabetisation,acatba,National NGO,0,0.0,0,0
Association CHS Alliance,chs_alliance,International NGO,0,22.0,78,33
"Association de solidarité internationale, Agriculteurs français et développement international (Afdi) France",afdi-fr,Other Public Sector,0,0.0,0,0
Association de Soutien au Développement des Activités de Population,asdap,National NGO,12,0.0,88,33
Association for Cultural Technical and Educational Cooperation (ACTEC),actec,National NGO,50,0.0,80,43
"Association for Prevention of Septic Abortion, Bangladesh (BAPSA)",bapsa,National NGO,12,0.0,0,4
Association for Progressive Communication,apc,International NGO,0,0.0,0,0
Association for Reproductive and Family Health,arfh,National NGO,0,0.0,0,0
Association for Women's Rights in Development (AWID),awid,International NGO,12,100.0,72,61
Association of Commonwealth Universities,acu,"Academic, Training and Research",50,0.0,60,37
Association pour la Promotion de l'Education et de la Formation à l'Etranger,apefe,Other Public Sector,12,0.0,0,4
Atos IT Services Ltd,atosuk,Private Sector,0,0.0,66,22
Atradius Dutch State Business,adsb,Private Sector,25,0.0,66,30
Auschwitz Institute for the Prevention of Genocide and Mass Atrocities,aipr,"Academic, Training and Research",50,0.0,71,40
Australia - Department of  Foreign Affairs and Trade,ausgov,Government,0,0.0,83,28
Auto-Développement Afrique (ADA),ada,National NGO,12,0.0,0,4
Autre Terre asbl,a-t,"Academic, Training and Research",0,0.0,0,0
AUXFIN Burundi,auxfinbi,Private Sector,38,16.666666666666668,85,47
Avanti Communications Plc,ava_admin,Private Sector,25,0.0,74,33
Avocats Sans Frontières,asf,National NGO,75,100.0,82,86
AVSI FOUNDATION IN UGANDA,avsi_uganda,International NGO,25,0.0,80,35
AVT-L Association of Victims of Terrorism Lebanon,avt-l,National NGO,0,0.0,54,18
AWEPA,awepa,International NGO,0,0.0,0,0
Babawatoto Centre For Children and Youth,bawacecy-tz,National NGO,0,0.0,74,25
Backward Society Education (BASE),base_22,National NGO,0,0.0,53,18
Balloon Ventures Foundation,bvf,International NGO,38,0.0,83,40
Bangladesh Business and Disability Network,bbdn,National NGO,0,0.0,72,24
Bangladesh Nari Progati Sangha,bnps,National NGO,0,0.0,0,0
Bangladesh Primary Care Respiratory Society,bpcrs,"Academic, Training and Research",25,0.0,77,34
Bangladesh Youth Leadership Center,bylc,National NGO,0,0.0,48,16
BasicNeeds,basicneeds,International NGO,0,0.0,62,21
Baylor College of Medicine Children's Foundation Malawi,bcm-cf,National NGO,0,0.0,0,0
BBC Media Action,bbcmediaaction,International NGO,0,22.0,68,30
BDO LLP,bdo,Private Sector,25,0.0,0,8
Bees Abroad UK,bauk,International NGO,0,0.0,0,0
Bees for Development Trust,beesfordevelopment,International NGO,38,0.0,65,34
Behavioural Insights Team,bit,Private Sector,0,0.0,65,22
Belgian development agency (Enabel),enabel,Government,50,0.0,72,41
Belgian Development Cooperation,be-dgd,Government,100,54.0,76,77
Berytech Foundation,berytech,Foundation,0,0.0,66,22
Beweging voor Internationale Solidariteit - Mouvement pour la Solidarité Internationale,bismsi,National NGO,12,0.0,0,4
Bibliothèques Sans Frontières,bsf1,International NGO,0,0.0,56,19
Bill & Melinda Gates Foundation,bmgf,Foundation,100,66.66666666666667,94,87
Bioclimate Research and Development,bioclimate,International NGO,0,0.0,66,22
Blue Ventures Conservation,blueventures,International NGO,0,0.0,0,0
Bond,bond,National NGO,0,0.0,89,30
BOS+ tropen,bos_plus_tropen,National NGO,12,0.0,0,4
Boston University,bu-carbx-admin,"Academic, Training and Research",50,0.0,63,38
Both ENDS,bothends,National NGO,12,33.333333333333336,72,39
BRAC,brac_admin2,International NGO,0,0.0,0,0
BRAC International,bracintl,International NGO,0,0.0,70,23
BRAC UK,bracuk,International NGO,25,0.0,68,31
BRAC University,bu,"Academic, Training and Research",50,0.0,46,32
Brigham and Women's Hospital,bwh,"Academic, Training and Research",0,0.0,0,0
British & Irish Agencies Afghanistan Group,baag,International NGO,25,0.0,0,8
British Asian Trust,b_a_t,International NGO,0,0.0,71,24
British Council,britishcouncil,Other Public Sector,75,65.0,77,72
British Red Cross,gb-chc-220949,International NGO,62,2.0,66,43
Broederlijk Delen,bd,National NGO,25,0.0,0,8
Brujula Comunicaciones Estrategicas SAS,brujula,Private Sector,0,0.0,0,0
Brulocalis,brulocalis,Other Public Sector,0,0.0,0,0
BSR,bsr_admin,International NGO,0,0.0,74,25
Bucks Community NGO,bucksfarm,National NGO,0,0.0,72,24
Build Africa,buildafrica,International NGO,50,0.0,0,17
Burns Violence Survivors - Nepal,bvs-nepal,National NGO,0,0.0,0,0
Business in the Community,bitc,International NGO,0,0.0,63,21
Business Watch Indonesia,bwi,National NGO,0,100.0,62,54
C40 Cities Climate Leadership Group,c40cities,"Academic, Training and Research",0,0.0,68,23
CABI,cabi,Multilateral,75,0.0,74,50
Camfed International,camfed,International NGO,75,33.333333333333336,68,59
Canada - Global Affairs Canada | Affaires mondiales Canada,gac-amc,Government,100,43.0,90,78
Canada - International Development Research Centre/Centre de recherches pour le développement international,idrccrdi,Other Public Sector,0,0.0,71,24
Canada Department of Finance / Ministère des Finances Canada,finance_canada,Government,50,0.0,74,41
CANADEM,canadem,International NGO,75,0.0,67,47
Canon Collins Trust,canoncollinstrust,International NGO,0,0.0,76,25
CAPABUILD,capabui,International NGO,12,0.0,69,27
Carbon Trust (Beijing) Consulting Limited,ctbeijing,Private Sector,0,0.0,0,0
Carbon Trust Advisory Ltd,carbontrustadvisory,Private Sector,62,33.333333333333336,80,58
Cardno Emerging Markets,cardnoem,Private Sector,75,0.0,83,53
CARE BENIN/TOGO,carebenintogo,International NGO,12,0.0,0,4
CARE Danmark Fonden for Frivillig Ulandsbistand,12921047,National NGO,25,0.0,74,33
CARE International Afghanistan,ciafg,International NGO,0,0.0,0,0
CARE international foundation Switzerland in Sudan,cis,International NGO,12,0.0,0,4
CARE International in Zimbabwe,ciz,International NGO,0,0.0,0,0
CARE International UK,ciuk,International NGO,75,4.666666666666667,72,51
CARE Nederland,carenederland,International NGO,75,0.0,71,49
CARE Nepal,cnepal,International NGO,0,0.0,72,24
CARE SOMALIA,csom1,National NGO,0,0.0,74,25
Carers Worldwide,cww,International NGO,0,0.0,0,0
Caribbean Development Bank (CDB),caribank,Multilateral,50,12.333333333333334,68,43
Caritas Denmark,caritas_denmark,National NGO,50,0.0,64,38
Caritas Finland,caritasfin,National NGO,0,0.0,0,0
Caritas International (Belgium),cibe,National NGO,0,0.0,0,0
Caritas Serbia,caritas_serbia,National NGO,0,0.0,0,0
CARPO - Center for Applied Research in Partnership with the Orient,carpo,International NGO,0,0.0,0,0
Catholic Agency For Overseas Development (CAFOD),cafod,International NGO,88,1.6666666666666667,78,56
Catholic Relief Services,crs,International NGO,62,0.0,85,49
CDA Collaborative Learning Projects,cda,International NGO,0,0.0,54,18
CDAC Network,cdacnetwork,International NGO,25,0.0,70,32
CDC Group plc,cdc,Other Public Sector,0,0.0,73,24
CDP Worldwide,cdp,International NGO,75,6.666666666666667,56,46
Cecily's Fund,cecily,International NGO,0,0.0,68,23
Center for Church-Based Development,cku,International NGO,100,38.333333333333336,66,68
Center for Civilians in Conflict,civic_admin,International NGO,0,0.0,70,23
Center for Development and Integration,cdi_vn_2021,National NGO,12,100.0,74,62
Center for International Legal Cooperation (CILC),cilc,Foundation,25,0.0,80,35
Center for Participation and Development,cpd_2021,National NGO,0,0.0,57,19
Center for Research on Environment Health and Population Activities (CREHPA),crehpa,National NGO,0,0.0,68,23
"Center for Research, Evaluation Resources and Development (CRERD)",crerd_ng,National NGO,25,0.0,74,33
Centre For Citizens With Disabilities,ccdnigeria,National NGO,0,0.0,0,0
Centre for Economic Policy Research,cepr,National NGO,50,66.66666666666667,80,66
Centre for Economic Strategy Ukraine,ces-ua,National NGO,0,0.0,0,0
Centre for Environment Human Rights and Development,cehrd1,International NGO,0,0.0,54,18
Centre for Humanitarian Dialogue (HD Centre),hdcentre,Foundation,75,0.0,86,54
Centre for Indian Knowledge Systems,ciks,"Academic, Training and Research",0,0.0,73,24
"Centre for Injury Prevention and Research, Bangladesh (CIPRB)",ciprb,National NGO,75,0.0,58,44
Centre for Policy Dialogue,cpd,National NGO,25,33.333333333333336,80,46
Centre for Rights Education and Awareness,creawkenya,National NGO,0,0.0,64,21
Centre for the Study of Adolescence,csa-kenya,"Academic, Training and Research",0,0.0,0,0
Centre International de Développement et de Recherche,cidr,International NGO,62,0.0,0,21
Centre National de Coopération au Développement (CNCD-11.11.11),cncd,National NGO,0,0.0,0,0
Centre Tricontinental - CETRI,ct-admin,National NGO,12,0.0,0,4
Centro de Aprendizagem e Capacitação da Sociedade Civil,cesc,National NGO,50,100.0,79,76
Centro de Promocion y Defensa de los Derechos Sexuales y Reproductivos,promsex,Regional NGO,0,0.0,0,0
Cesvi,cesvi,International NGO,0,0.0,53,18
CGIAR,cgiar,"Academic, Training and Research",100,0.3333333333333333,75,58
Chama cha Uzazi na Malezi Bora Tanzania (UMATI),umati,National NGO,0,0.0,0,0
Chance for Childhood,chanceforchildhood,International NGO,0,0.0,70,23
Charity Projects Ltd (Comic Relief),cprojects,Foundation,12,47.333333333333336,80,46
Chaîne de l'Espoir Belgique / Keten van Hoop België / Chain of Hope Belgium,cdeb-kvhb_admin,National NGO,12,0.0,0,4
CHEKA SANA TANZANIA,cst,National NGO,0,0.0,0,0
Chemonics International Inc.,chemonics,Private Sector,75,0.0,73,49
Cheshire Services Uganda,csu,National NGO,25,0.0,89,38
Child-to-Child,ctc,International NGO,0,0.0,0,0
Child.org,child-dot_org,International NGO,25,0.0,71,32
ChildFund International,childfund,International NGO,0,0.0,0,0
ChildHope UK,childhopeuk,International NGO,25,0.0,77,34
Children in Crisis,cic,International NGO,0,0.0,80,27
CHOICE for Youth and Sexuality,cfyas,International NGO,38,66.66666666666667,77,61
Christian Aid,caid,International NGO,88,3.3333333333333335,80,57
Christian Blind Mission (UK) Ltd.,cbm,International NGO,75,17.666666666666668,74,56
Christian Engineers in Development,ced,International NGO,0,0.0,63,21
Church of England - The Archbishops' Council,coe-abc,"Academic, Training and Research",25,58.333333333333336,76,53
CIFAL Scotland,cifal,"Academic, Training and Research",0,0.0,0,0
CINI,cini_jhk,National NGO,0,0.0,0,0
CISU,cisu,National NGO,100,70.66666666666667,69,80
City of London Corporation,col-greenfinance,Other Public Sector,25,0.0,0,8
CIVICUS World Alliance for Citizen Participation,civicus,International NGO,25,100.0,89,71
CLASP,clasp,International NGO,25,0.0,68,31
Clean Clothes Campaign,ccc,International NGO,0,16.666666666666668,77,31
ClientEarth,clientearth-1,International NGO,75,11.0,68,51
Climate Investment Funds,cif,Multilateral,0,0.0,44,15
Climate Policy Initiative,cpi,"Academic, Training and Research",0,0.0,54,18
Clinton Health Access Initiative,chai,International NGO,75,55.666666666666664,66,66
CNV Internationaal,nl-kvk-54436222-27541,National NGO,25,0.0,0,8
Coalition for Epidemic Preparedness Innovations,cepi,International NGO,50,50.0,70,57
Coalition of African Lesbians (CAL),cal_2000-pu,International NGO,0,33.333333333333336,66,33
Cobra Collective CIC,cobracollective,International NGO,62,0.0,65,42
COC Nederland,cocnl_publisher,National NGO,0,0.0,80,27
CODA International,coda,International NGO,0,0.0,0,0
Coffey International Development,coffey,Private Sector,75,33.333333333333336,68,59
ColaLife,colalife,National NGO,0,0.0,75,25
Collectif Stratégies Alimentaires,csa,National NGO,0,0.0,0,0
Comité pour l'abolition des dettes illégitimes,cadtm,National NGO,12,0.0,0,4
COMMISSION JUSTICE ET PAIX ASBL (cjp),cjp,National NGO,12,0.0,0,4
Commonwealth Local Government Forum,clgf_data,International NGO,12,0.0,69,27
Commune de Adja-Ouere - Bénin,adja-ouere,Other Public Sector,12,0.0,78,30
Commune de Adjarra - Bénin,adjarra,Other Public Sector,0,0.0,0,0
Commune de Adjohoun - Bénin,adjohoun,Other Public Sector,12,0.0,78,30
Commune de Akpro-Missérété - Bénin,akpro-misserete,Other Public Sector,12,0.0,78,30
Commune de Allada - Bénin,allada,Other Public Sector,38,0.0,78,39
Commune de Aplahoué - Bénin,aplahoue,Other Public Sector,25,0.0,78,34
Commune de Avrankou - Bénin,avrankou,Other Public Sector,25,0.0,78,34
Commune de Bopa - Bénin,bopa,Other Public Sector,25,0.0,78,34
Commune de Comè - Bénin,come,Other Public Sector,25,0.0,78,34
Commune de Dangbo - Benin,dangbo,Other Public Sector,38,0.0,78,39
Commune de Ifangni - Bénin,ifangni,Other Public Sector,25,0.0,78,34
Commune de Klouékanmè - Bénin,klouekanme,Other Public Sector,25,0.0,78,34
Commune de Kpomassè - Bénin,kpomasse,Other Public Sector,25,0.0,78,34
Commune de Kétou - Bénin,ketou,Other Public Sector,38,0.0,78,39
Commune de Lalo - Bénin,lalo,Other Public Sector,25,0.0,78,34
Commune de Parakou - Bénin,parakou,Other Public Sector,38,0.0,78,39
Commune de Pobè - Bénin,pobe,Other Public Sector,25,0.0,78,34
Commune de Toffo - Bénin,toffo,Other Public Sector,38,0.0,78,39
Commune de Toviklin - Bénin,toviklin,Other Public Sector,25,0.0,78,34
Commune de Zè - Bénin,ze,Other Public Sector,38,0.0,78,39
Compassion UK,comp_uk,International NGO,25,0.0,0,8
Concern Worldwide,concern_worldwide,International NGO,62,8.333333333333334,83,51
Concern Worldwide UK,concernuk,International NGO,62,33.333333333333336,83,59
Conciliation Resources,cr,International NGO,38,11.0,59,36
Concordis International,concordis,International NGO,38,0.0,0,13
Confederation of Danish Industry,di,Private Sector,0,0.0,65,22
Conflict Dynamics International,cdi,International NGO,0,0.0,0,0
"Conflict, Stability and Security Fund",cssf,Government,0,0.0,80,27
Congodorpen vzw,congodorpen,National NGO,0,0.0,0,0
Conseil et Appui pour l'Education à la Base Mali,caeb_mali,National NGO,0,0.0,85,28
Consortium for Street Children,csc,International NGO,0,0.0,43,14
Construction Sector Transparency Initiative (CoST),cost_uk,International NGO,0,0.0,63,21
Coopération par l'Education et la Culture,cec,National NGO,12,0.0,0,4
Cord,cord,Regional NGO,0,0.0,0,0
Cordaid,cordaid,International NGO,88,15.0,80,61
Corus International,corus,International NGO,12,0.0,0,4
Cowater International Inc,cowater,Private Sector,62,16.666666666666668,64,48
Cowater UK Limited,cowateruk,Private Sector,25,33.333333333333336,66,41
COWI,cowi,Other Public Sector,62,0.0,85,49
Coöperatief Climate Fund Managers U.A.,cfm,Private Sector,0,1.3333333333333333,59,20
CRANE,crane,National NGO,0,0.0,68,23
CREA,creausa-org,International NGO,25,33.0,75,44
Croix-Rouge de Belgique Communauté francophone - Activités internationales ASBL,crb-ai_admin,National NGO,12,0.0,0,4
Cross-Government Prosperity Fund,prosperityfund,Government,0,0.0,80,27
Crown Agents Limited,cal,Private Sector,75,0.0,78,51
CUAMM Trustees,cuammtrustees,National NGO,0,0.0,0,0
Cyan International,cyan,International NGO,0,0.0,0,0
D. Capital Partners,dcapitalpartners,Public Private Partnership,0,0.0,68,23
DAI Europe,dai-e,Private Sector,25,29.666666666666668,74,43
DAI Global Health,healthpartners-international,Private Sector,0,0.0,48,16
Damiaanactie / Action Damien,damien-foundation,National NGO,25,0.0,84,36
dance4life,dance4life,International NGO,25,0.0,0,8
DanChurchAid,dca,International NGO,50,0.0,66,39
Danish Family Planning Association,dfpa,National NGO,25,0.0,0,8
Danish Refugee Council,drc,International NGO,100,29.333333333333332,68,66
Danmission,danmission,National NGO,38,61.333333333333336,64,54
Data4Development,d4d,Private Sector,0,0.0,0,0
David Gordon Memorial Hospital,dgmh,"Academic, Training and Research",25,0.0,0,8
Dawuro Development Association,dawuro_da,"Academic, Training and Research",12,0.0,0,4
DCAF - Geneva Centre for Security Sector Governance,dcaf,Foundation,75,5.666666666666667,70,50
DeafKidz International,dki1151219,International NGO,25,0.0,72,32
DECP,decp,National NGO,12,33.333333333333336,74,40
Defence for Children International Netherlands - ECPAT Netherlands,dciecpatnl,National NGO,0,100.0,62,54
Delivery Associates Ltd,delivery_associates,Private Sector,0,0.0,59,20
Deloitte Touche Tohmatsu India LLP,dttillp,Private Sector,0,0.0,0,0
Democracy Reporting International gGmbH,dri,International NGO,62,33.333333333333336,89,61
Democratic Governance Facility,dgf,Other Public Sector,0,33.333333333333336,80,38
"Denmark - Ministry of Foreign Affairs, Danida",danida,Government,100,11.0,76,62
Department for International Trade,dit,Government,12,0.0,79,30
Desmond Tutu HIV Foundation,dthfxx12,"Academic, Training and Research",0,0.0,68,23
Development Aid from People to People (DAPP) Malawi,dapp,National NGO,0,0.0,72,24
Development Initiatives Poverty Research,dipr,International NGO,100,49.0,76,75
Development Media International,dmi_admin,International NGO,25,0.0,0,8
Development Organisation of the Rural Poor,dorp-org,National NGO,0,0.0,0,0
Developments In Literacy Trust UK,diltuk,International NGO,0,0.0,0,0
Diakonia Sweden,diakonia802017-3517,International NGO,0,0.0,0,0
Digital Campus,dc,"Academic, Training and Research",0,0.0,0,0
Direcção Provincial de Saúde de Nampula,dps-nampula,Government,0,0.0,71,24
Disability and Development Partners,ddp,International NGO,25,0.0,65,30
Disability Rights Advocacy Fund,draf,International NGO,0,0.0,0,0
Disability Rights Fund,drf,International NGO,0,0.0,62,21
Disabled People's Organisations Denmark,dpod,National NGO,100,66.33333333333333,66,77
Disasters Emergency Committee,dec-uk,National NGO,0,0.0,80,27
"Discovery Learning Alliance, Inc.",dla,International NGO,12,0.0,0,4
Djapo,djapo,National NGO,12,0.0,0,4
DKT - (Pakistan),dkt,Private Sector,0,0.0,50,17
DKT Ethiopia,dkt_ethiopia,International NGO,50,0.0,68,39
DNH Mali (Direction Nationale de l’Hydraulique du Mali),pca-gire,Government,0,0.0,0,0
Doctors of the World UK,dotw_uk,International NGO,0,0.0,0,0
Doctors with Africa CUAMM,cuamm,International NGO,0,0.0,50,17
Dorcas Aid International,dai,International NGO,62,0.0,80,47
Down syndrome Foundation Nigeria,dsfn,National NGO,0,0.0,0,0
Drugs for Neglected Diseases initiative,dndi_transparency,"Academic, Training and Research",12,0.0,77,30
DUF - The Danish Youth Council,duf,National NGO,50,29.333333333333332,72,50
Dynamo International asbl,dynamo_international,National NGO,0,0.0,0,0
Défi Belgique Afrique,dba,National NGO,0,0.0,0,0
Dóchas - Irish Association of Non Governmental Development Organisations,dochas,National NGO,0,0.0,66,22
Earthworm Foundation,ewf,International NGO,0,0.0,0,0
East African Playgrounds,eap,International NGO,75,33.333333333333336,75,61
ECDPM,ecdpm,"Academic, Training and Research",62,0.0,0,21
Echos Communication,ec,National NGO,0,0.0,0,0
Eclosio,eclosio,National NGO,0,0.0,0,0
Economic and Social Fund for Development,esfd,Government,0,0.0,68,23
Economic and Social Research Foundation (ESRF),esrf,"Academic, Training and Research",0,0.0,71,24
Ecorys Nederland B.V.,ecorysnl,Private Sector,0,0.0,0,0
Ecorys UK,ecuk,Private Sector,25,17.666666666666668,72,38
Educate!,educate,International NGO,0,0.0,68,23
Education Development Trust,eddevtrust,International NGO,12,0.0,63,25
Education Development Trust,edt_kenya,International NGO,25,0.0,70,32
EDUCATION DEVELOPMENT TRUST - RWANDA,edt_rwanda,International NGO,38,0.0,0,13
Edukans Foundation,edukans_foundation,International NGO,25,66.66666666666667,59,50
ELEVATE Hong Kong Holdings Limited,elevatelimited,Private Sector,25,0.0,0,8
Elrha,elrha,International NGO,50,8.333333333333334,76,45
Elton John AIDS Foundation,ejaf,Foundation,75,66.66666666666667,65,69
Emissa,emissa,National NGO,0,0.0,55,18
Emmanuel International UK,eiuk,International NGO,0,0.0,0,0
EMMS International,emms,International NGO,25,0.0,75,33
Energy 4 Impact,e4i,International NGO,25,0.0,58,28
Energy Saving Trust,energy_saving_trust,Other Public Sector,25,33.333333333333336,72,43
Enfance Tiers Monde Kinderen Derde Wereld,etmkdw,National NGO,12,0.0,0,4
EngenderHealth,ehorg,International NGO,0,0.0,69,23
EngenderHealth Ethiopia,engenderhealth_eth,International NGO,0,0.0,0,0
Engineers Without Borders Canada,ewb_canada,International NGO,0,0.0,50,17
Enhanced Integrated Framework,eif,Multilateral,0,0.0,56,19
"Entiqal lel Tadreeb ""Partners for Good""",pfg,National NGO,12,33.333333333333336,77,41
Entraide et Fraternité,ef_,National NGO,25,0.0,58,28
equileap,equileap,International NGO,0,0.0,86,29
Ethical Trading Initiative,eti,International NGO,0,0.0,68,23
Ethiopiaid Ireland,ethiopiaidireland,International NGO,25,0.0,68,31
Ethiopiaid UK,ethiopiaiduk,International NGO,62,0.0,62,41
Ethiopian Horticulture Producer Exporters Association (EHPEA),ehpea,National NGO,25,0.0,86,37
Ethiopian Public Health Association,epha,Other Public Sector,25,0.0,0,8
Ethiopian Women Lawyers Association,ewla,National NGO,12,0.0,0,4
Ethiopian Women with Disabilities National Assocation,ewdna2025,National NGO,12,100.0,74,62
Eurasia Partnership Foundation,epf,Foundation,0,0.0,63,21
European Bank for Reconstruction and Development,ebrd,Multilateral,100,0.0,80,60
European Commission - Humanitarian Aid & Civil Protection,ec-echo,Other Public Sector,100,54.0,94,83
European Commission - International Partnerships,ec-intpa,Other Public Sector,100,46.0,90,79
European Commission - Neighbourhood and Enlargement Negotiations,ec-near,Other Public Sector,100,67.0,91,86
European Commission - Service for Foreign Policy Instruments,ec-fpi,Other Public Sector,100,0.0,92,64
European Forest Institute,efi,"Academic, Training and Research",0,0.0,65,22
European Institute of Peace,eip,Other Public Sector,0,0.0,49,16
European Investment Bank,eib,Multilateral,88,33.333333333333336,69,63
European Journalism Centre,ejc,National NGO,0,0.0,83,28
Eve Organization for Women Development,eveowd,National NGO,38,100.0,83,74
EveryChild,evc,International NGO,0,0.0,0,0
Excellent Development,excellent,International NGO,0,0.0,0,0
Exeter Ethiopia Link,eel,International NGO,0,0.0,0,0
Fair Wear Foundation,fwf,International NGO,25,100.0,64,63
Fairfood International,fairfood,National NGO,0,0.0,57,19
Fairtrade Belgium,fairtrade_be,National NGO,0,0.0,0,0
Fairtrade Labelling Organizations International e.V.,fairtrade_international,International NGO,0,0.0,0,0
Family Aids Caring Trust,fact,National NGO,0,0.0,83,28
Family Counseling and Development Foundation,fcdf,National NGO,0,0.0,0,0
Family Guidance Association of Ethiopia,fgae_ethiopia,National NGO,50,0.0,76,42
Family Life Education Program,flepuganda,National NGO,0,0.0,0,0
Farm Africa,fa,International NGO,50,0.0,67,39
Fauna & Flora International,ffi_publisher,International NGO,0,0.0,0,0
Federation of Women Lawyers Kenya,fida,National NGO,38,100.0,80,73
Feed the Minds,ftm-291333,International NGO,12,33.333333333333336,83,43
FHI360,fhi360,International NGO,12,0.0,63,25
Fiabel,fiabel,National NGO,12,0.0,86,33
FIAN Belgium,fian-belgium,National NGO,0,0.0,0,0
"Field Ready, USA",field_ready,International NGO,0,0.0,80,27
Financial Sector Deepening Uganda,fsduganda,National NGO,0,0.0,0,0
Find Your Feet,fyf,International NGO,0,0.0,80,27
Finland - Ministry for Foreign Affairs,finland_mfa,Government,100,59.666666666666664,76,79
Finn Church Aid (Kirkon Ulkomaanapu sr),fca,International NGO,12,0.0,0,4
FMO,fmo,Public Private Partnership,75,0.0,72,49
FONCABA ASBL KBA VZW,foncaba,National NGO,12,0.0,0,4
Fondation Hirondelle,fh_ch,International NGO,25,0.0,62,29
Fondo Centroamericano de Mujeres,fcam,Foundation,0,0.0,0,0
Fonds voor Ontwikkelingssamenwerking - Socialistische Solidariteit VZW,fos,National NGO,0,0.0,0,0
Food and Agriculture Organization of the United Nations (FAO),fao,Multilateral,62,0.3333333333333333,78,47
Food for the Hungry UK,fh,International NGO,50,0.0,83,44
Forest Trends Association,forest-trends,International NGO,25,0.0,0,8
Forests Monitor,fm,International NGO,0,0.0,0,0
Forum for Africa Women Educationalist Regional Secretariat,fawe-rs,Regional NGO,0,0.0,54,18
forum for women in democracy,fowode,National NGO,50,100.0,80,77
Forum Universitaire pour la Coopération Internationale au Développement -FUCID ASBL,fucid,National NGO,0,0.0,0,0
Foundation for Social Improvement,the_fsi,"Academic, Training and Research",12,33.333333333333336,74,40
France - Ministry for Europe and Foreign Affairs,france,Government,100,0.0,76,59
FRANK Water,frankwater,International NGO,0,0.0,0,0
Free a Girl,freeagirl,Foundation,25,0.0,71,32
Free Press Unlimited,free_press_unlimited,International NGO,0,0.0,71,24
Freedom Forum,ff,National NGO,0,0.0,56,19
Friends of Kipkelion,kipkelion,Regional NGO,0,0.0,0,0
Friends of Publish What You Fund,friendsofpwyf,International NGO,0,0.0,59,20
Friends of the Earth International,foei,International NGO,25,0.0,0,8
Friends of the Earth-Ghana,foe-ghana,National NGO,0,0.0,72,24
Frontline AIDS,f-aids,International NGO,25,0.0,83,36
Fundacion Acceso,fundacion-acceso,Regional NGO,12,0.0,0,4
Fundación Fondo Mujeres del Sur,fms,Foundation,62,0.0,83,48
Fundación Gaia Amazonas,gaia,Regional NGO,12,100.0,74,62
Fundación Oriéntame,orientame,National NGO,0,0.0,66,22
Fundo de Investimento e Patrimonio do Abastecimento de Água (FIPAG),fipag,Other Public Sector,12,0.0,72,28
GALZ,galz,National NGO,50,0.0,71,40
"Gavi, the vaccine alliance",gavi,Public Private Partnership,100,68.66666666666667,98,89
GEF Secretariat,gef,Multilateral,88,0.0,72,53
GEMS Education Solutions,mgcubed,Private Sector,0,0.0,0,0
Gender at Work,genderatwork,International NGO,38,33.333333333333336,82,51
Gender Links,gl,Regional NGO,0,0.0,54,18
Geneva International Centre for Humanitarian Demining,gichd,Foundation,88,66.66666666666667,72,76
GEOMOUN ASBL,geomoun,National NGO,0,0.0,0,0
Germany - Federal Foreign Office,fo_germany,Government,75,64.66666666666667,78,73
Germany - Ministry for Economic Cooperation and Development,bmz,Government,100,10.0,84,65
Germany GIZ Non BMZ,giz,Other Public Sector,50,81.0,74,68
Girls Not Brides: The Global Partnership to End Child Marriage,girlsnotbrides,International NGO,12,0.0,0,4
Girls’ Education Challenge – Fund Manager PwC,gecfundmanagerpwc,Private Sector,75,67.0,70,71
Giro555 (Stichting Samenwerkende Hulporganisaties),giro555,International NGO,25,0.0,75,33
GiveDirectly,givedirectly,International NGO,12,0.0,0,4
Global Action Nepal,gan,National NGO,0,0.0,0,0
Global Alliance for Livestock Veterinary Medicines,galvmed,International NGO,25,100.0,74,66
Global Alliance for TB Drug Development,tb-a,"Academic, Training and Research",0,0.0,68,23
Global Anaesthesia Development Partnerships,gadp,"Academic, Training and Research",12,0.0,63,25
Global Antibiotic Research and Development Partnership,gardp,Public Private Partnership,25,0.0,71,32
Global Canopy,globalcanopy,International NGO,25,0.0,0,8
Global Disability Innovation Hub,gdihub,"Academic, Training and Research",12,0.0,71,28
Global Focus,globaltfokus,National NGO,0,0.0,63,21
Global Fund for Community Foundations,gfcf,Foundation,50,100.0,83,78
Global Fund to End Modern Slavery,gfems,National NGO,50,0.0,61,37
Global Green Growth Institute (GGGI),gggi,Multilateral,12,0.0,76,29
Global Impact Investing Network,giin,National NGO,25,33.333333333333336,68,42
Global Innovation Fund,gif,International NGO,62,0.0,56,39
Global Network of People Living with HIV (GNP+),gnpplus,International NGO,50,4.0,60,38
Global Network of Sex Work Projects (NSWP),nswp,International NGO,0,0.0,0,0
Global Partnership for Education,gpe,Multilateral,0,0.0,46,15
Global Rights Compliance,grc2018,Foundation,0,0.0,70,23
Global Water Partnership,gwp,International NGO,0,0.0,0,0
Global Witness,globalwitness,International NGO,12,0.0,0,4
GlobalGiving.org,globalgiving,International NGO,0,0.0,0,0
GOAL,goal,International NGO,38,0.0,75,38
GOGLA - Global Off-Grid Lighting Association,gogla,Private Sector,25,0.0,64,30
GoodWeave International,goodweave_intl,International NGO,12,0.0,0,4
GPPAC Foundation,gppac,International NGO,0,0.0,0,0
Grand Challenges Canada,hgc,National NGO,50,0.0,68,39
Greater Virunga Transboundary Collaboration,gvtc,Government,12,100.0,74,62
Ground Truth Solutions,ground-truth-solutions,International NGO,12,33.333333333333336,72,39
Groupe Pivot Santé Population,gpsp-org,"Academic, Training and Research",0,0.0,85,28
Grow Asia,growasia,Regional NGO,38,0.0,74,37
Grow Movement,growmovement_admin,"Academic, Training and Research",0,0.0,59,20
GSMA Foundation,gsma_foundation,Foundation,12,0.0,62,25
Gulu University,guluuni,"Academic, Training and Research",75,0.0,0,25
Guttmacher Institute,guttmacher,International NGO,38,0.0,0,13
Hagar International UK,hagar_uk,International NGO,0,0.0,0,0
Haiti Hospital Appeal,hha,International NGO,0,0.0,83,28
Hand in Hand International,handinhand,International NGO,0,0.0,72,24
Handicap International Belgique,hib,National NGO,0,0.0,0,0
Handicap International Federation,hi_fed,International NGO,62,66.66666666666667,74,68
Handicap International UK,hiuk,"Academic, Training and Research",100,17.666666666666668,74,64
HE Foundation,hefoundation,Foundation,12,0.0,0,4
Health Development Initiative,hdi,National NGO,12,0.0,76,29
Health Insurance Fund,hif,International NGO,0,0.0,0,0
Health Poverty Action,hpa,International NGO,38,0.0,0,13
HealthNet TPO,healthnet,International NGO,50,100.0,83,78
HealthProm,hp_12,International NGO,0,0.0,74,25
Healthright International-Kenya,hri,National NGO,0,0.0,60,20
Heartland Alliance International,ha-i,International NGO,0,0.0,78,26
Heifer International South Africa,hsa,National NGO,0,0.0,74,25
Heifer Nederland,heifernederland,National NGO,0,0.0,73,24
HelpAge International,helpage_international,International NGO,25,78.33333333333333,71,58
HelpAge International UK,ageintl,National NGO,88,0.0,76,55
Helvetas Swiss Intercooperation,hsi,International NGO,0,0.0,67,22
HiiL innovating Justice,hiil_mfa,Foundation,38,4.0,74,39
Hilfswerk Austria Zimbabwe,hwa-zm,International NGO,0,0.0,0,0
Hivos,stichting_hivos,International NGO,50,0.0,85,45
HM Treasury,hmtfitb,Government,0,0.0,58,19
Homeless International,hi,International NGO,0,0.0,49,16
Hope and Homes for Children,hhc,International NGO,25,0.0,0,8
Hope for Children,hfc,International NGO,25,0.0,65,30
Horizons for Green Development,horizons,National NGO,0,0.0,0,0
Hospice Africa Ltd,hauk,"Academic, Training and Research",0,0.0,62,21
HTSPE,htspe,Private Sector,0,0.0,74,25
Human Relief Foundation,hrf,International NGO,0,0.0,67,22
Humanitarian Quality Assurance Initiative,hqai,International NGO,50,0.0,68,39
I Choose Life Africa,ke-ngc-3372,National NGO,0,0.0,0,0
Ibrahimia Media Center,imc-2021,National NGO,0,100.0,77,59
ICA:UK,icauk,National NGO,0,0.0,67,22
ICCO Cooperation,icco-cooperation,International NGO,88,41.666666666666664,85,72
ICF Consulting Services Ltd,icf,Private Sector,62,66.66666666666667,77,69
ICS,ics,International NGO,0,0.0,0,0
IDB Invest,idbinvest,Multilateral,0,100.0,62,54
iDE,ide,International NGO,0,0.0,56,19
IDEO.org,ideo_org,International NGO,0,0.0,56,19
IDH Investment Management B.V.,idh_im,Private Sector,0,100.0,68,56
"IDH, the Sustainable Trade Initiative",idh,International NGO,38,0.0,79,39
IDinsight,idinsight,International NGO,0,0.0,71,24
IDOM INGENIERIA,idom_mx,Private Sector,0,0.0,59,20
IFOAM - Organics International,ifoam,International NGO,0,0.0,62,21
IHE Delft Institute for Water Education,ihedelft,"Academic, Training and Research",12,66.66666666666667,80,53
Iles de Paix,idp,National NGO,12,0.0,0,4
IMA World Health,us-imawh,International NGO,38,0.0,76,38
IMC WORLDWIDE,imcw_admin,Private Sector,50,6.666666666666667,72,43
IMPACT Initiatives,impact_initiatives,International NGO,62,0.0,70,44
"Imperial College of Science, Technology and Medicine",imperial,"Academic, Training and Research",25,0.0,60,28
Impunity Watch,iw_admin,International NGO,0,0.0,62,21
Index Initiative Foundation,iif,Foundation,0,0.0,0,0
Indigo Trust,indtrust,Foundation,0,0.0,80,27
inHive,inhive,International NGO,0,0.0,68,23
Iniciativa Climatica de Mexico,icm_mx,National NGO,0,0.0,0,0
Initiative Sankofa d'Afrique de l'Ouest,isdao,International NGO,50,33.333333333333336,73,52
Innovate UK KTN,ktn,Other Public Sector,0,0.0,51,17
Instiglio,instiglio,International NGO,25,0.0,0,8
"Institut National de l'Eau, Benin",ine_benin,"Academic, Training and Research",0,0.0,0,0
Institute for International Workers Education,iiwe,National NGO,12,0.0,0,4
Institute for Security Studies,issafrica,International NGO,75,0.0,87,54
Institute for War & Peace Reporting,iwpr,International NGO,0,0.0,53,18
Institute of Development Studies,ids,"Academic, Training and Research",62,36.0,68,55
Institute of Tropical Medicine,itm,Other Public Sector,0,0.0,0,0
Instituto BVRio,bvrio,International NGO,25,0.0,68,31
Integrity Action,integrity_action,International NGO,75,0.0,47,41
Integrity Research and Consultancy Ltd,integrity,Private Sector,38,0.0,63,34
Inter-American Development Bank,iadb,Multilateral,100,98.33333333333333,98,99
Interact Worldwide,iww_publish,International NGO,0,0.0,0,0
InterAction,interaction,International NGO,0,0.0,0,0
interburns,interburns,International NGO,0,0.0,0,0
InterClimate Network,icn,International NGO,0,0.0,71,24
International Aids Vaccine Initiative (IAVI),iavi,International NGO,0,0.0,0,0
International Alert,international-alert,International NGO,25,5.666666666666667,47,26
International Bureau of Fiscal Documentation (IBFD),ibfd,"Academic, Training and Research",0,0.0,70,23
International Campaign Women´s Right to Safe Abortion,icwrsa,National NGO,25,0.0,62,29
International Center for Not-for-Profit Law,icnl_org,International NGO,75,0.0,89,55
International Center for Transitional Justice,ictj,International NGO,62,0.0,74,45
"International Centre for Diarrhoeal Disease Research, Bangladesh (icddr,b)",icddrb,"Academic, Training and Research",12,0.0,65,26
International Centre for Migration Policy Development,icmpd,Multilateral,0,0.0,65,22
International Centre of Insect Physiology and Ecology (icipe),icipe,"Academic, Training and Research",0,0.0,76,25
International Child Development Initiatives,icdi,International NGO,12,0.0,0,4
International Climate Initiative / BMU - IKI Secretariat,bmu_iki,Government,50,0.0,71,40
International Committee of the Red Cross (ICRC),icrc,Multilateral,62,0.0,78,47
International Council of Voluntary Agencies,icva,International NGO,0,0.0,0,0
International Crisis Group,crisisgroup,International NGO,62,33.333333333333336,64,53
International Development Law Organization (IDLO),idlo,Multilateral,100,0.0,72,57
INTERNATIONAL DISABILITY ALLIANCE,ida,International NGO,0,0.0,62,21
International Federation of Accountants,ifac,International NGO,0,0.0,57,19
International Federation of the Red Cross and Red Crescent (IFRC),ifrcrcs,International NGO,88,0.0,71,53
International Fertilizer Development Center,ifdc-us,International NGO,12,0.0,72,28
International Finance Corporation,ifcwbg,Multilateral,88,0.0,83,57
International Food Policy Research Institute,ifpri,International NGO,25,0.0,69,31
International Fund for Agricultural Development (IFAD),ifad,Multilateral,100,0.0,86,62
International IDEA,idea,Multilateral,62,0.0,54,39
International Indigenous Women Forum,fimi_iiwf_2019,Foundation,88,60.0,78,75
International Initiative for Impact Evaluation,3ie,International NGO,0,0.0,72,24
International Labour Organization (ILO),ilo,Multilateral,12,0.0,84,32
International Media Support,ims,International NGO,38,66.66666666666667,65,57
International Medical Corps UK,imc_uk,International NGO,75,0.0,62,46
International Monetary Fund,imf,Multilateral,0,0.0,66,22
International Network for Advancing Science and Policy,inasp,International NGO,75,0.0,0,25
International Network for Bamboo and Rattan (INBAR),inbar,Multilateral,0,0.0,51,17
International Network of People who Use Drugs (INPUD),inpud_admin,International NGO,0,0.0,82,27
International NGO Safety Orgnisation,inso,International NGO,0,0.0,57,19
International Organization for Migration (IOM),iom,Multilateral,100,94.66666666666667,86,94
International Planned Parenthood Federation,ippf,International NGO,75,33.333333333333336,75,61
International Potato Center,cip,Multilateral,62,0.0,89,50
International Primary Care Respiratory Group,ipcrg,"Academic, Training and Research",25,0.0,0,8
International Procurement Agency,ipa,Private Sector,0,0.0,66,22
International Rescue Committee UK,irc_uk,International NGO,75,28.333333333333332,78,60
International Service,unais,International NGO,0,0.0,67,22
International Trade Centre (ITC),itc,International NGO,12,71.66666666666667,76,53
International Treatment Preparedness Coalition (ITPC),itpc,International NGO,0,0.0,0,0
International Union for Conservation of Nature and Natural Resources,iucn,Other Public Sector,0,0.0,86,29
International Women's Development Agency,iwda,International NGO,0,0.0,0,0
International Youth Alliance for Family Planning,iyafp,International NGO,0,0.0,0,0
Internews Europe,ieu,International NGO,75,38.666666666666664,74,63
Interpeace,interpeace,International NGO,50,0.0,68,39
INTERSOS Onlus,intersos_main,International NGO,75,0.0,70,48
INTRAC,intrac,International NGO,88,33.333333333333336,71,64
IntraHealth International,intrahealth,International NGO,0,0.0,0,0
InvestInternational,investinternational,Private Sector,38,16.666666666666668,76,44
IOD PARC,iodparc,Private Sector,50,0.0,70,40
iPartner India,ip-india,International NGO,0,0.0,0,0
Ipas,ipas,International NGO,50,0.0,72,41
Iraq Foundation,iraq_foundation,International NGO,62,0.0,84,49
IRC,irc,International NGO,75,0.0,78,51
Ireland - Department of Foreign Affairs,irishaid,Government,50,0.0,76,42
IREX (International Research and Exchange Board),irex,International NGO,0,0.0,66,22
"Iringa Development of Youth, Disabled and Children Care",idydc,National NGO,0,0.0,68,23
Irise International,irise_int,International NGO,25,0.0,0,8
Irrawaddy Policy Exchange,ipe,"Academic, Training and Research",25,0.0,65,30
Islamic Relief Worldwide,irw,International NGO,75,100.0,76,84
IT for Change,itforchange,"Academic, Training and Research",0,100.0,71,57
Itad,itad,Private Sector,62,0.0,65,42
ITECO - Centre de formation pour le développement,iteco,National NGO,0,0.0,0,0
IUCN Nederlands Comité,iucn_nl,International NGO,75,100.0,86,87
Japan International Cooperation Agency (JICA),jica,Government,0,0.0,56,19
Jeevika Trust,jeevika_trust,International NGO,0,0.0,0,0
Jinja district union of persons with disabilities,jidu2021,Regional NGO,0,0.0,54,18
Johns Hopkins University,gi-jhu,"Academic, Training and Research",0,0.0,0,0
Jordan Open Source Association,josa,National NGO,25,0.0,80,35
Jordan River Foundation,jrf,National NGO,0,0.0,62,21
Joshua Orphan and Community Care,jocc_uk,International NGO,50,0.0,72,41
JoWomenomics,jowomenomics,National NGO,25,0.0,58,28
Just Associates,jass,International NGO,75,62.666666666666664,81,73
Kadaster International,kad,Government,0,0.0,41,14
Karuna Mission Social Solidarity - KMSS,kmss,National NGO,12,0.0,0,4
Karuna Trust,karuna,International NGO,0,0.0,77,26
Kathmandu Medical College Public Limited,kmc,"Academic, Training and Research",0,0.0,51,17
Kemitraan Bagi Pembaruan Tata Pemerintahan,kemitraan,National NGO,0,0.0,0,0
Kenya Community Development Foundation,kcdf,Foundation,0,0.0,0,0
Kenya Private Sector Alliance,kepsa,Private Sector,12,0.0,74,29
Kepa ry,kepa,National NGO,0,0.0,0,0
Kerk in Actie,kerk_in_actie,International NGO,25,0.0,82,36
Kesho Kenya,kesho_kenya,National NGO,0,0.0,79,26
kidasha,kidasha,International NGO,38,0.0,68,35
King Hussein Foundation,khf,Foundation,50,0.0,55,35
King Salman Humanitarian Aid and Relief Centre,ksrelief291,Government,88,3.3333333333333335,75,55
King's College London,kingscollegelondon,"Academic, Training and Research",88,0.0,68,52
Kisumu Medical and Education Trust,kmet,National NGO,0,0.0,0,0
KITUO CHA SHERIA,kituo,National NGO,12,0.0,60,24
KIYO,kiyo,International NGO,12,0.0,0,4
Koepel van de Vlaamse Noord-Zuidbeweging 11.11.11 VZW,111111_publisher,National NGO,62,0.0,0,21
Koninklijk Nederlands Meteorologisch Instituut,knmi,Government,0,0.0,0,0
KPMG East Africa,kpmgea,Private Sector,75,33.333333333333336,89,66
KPMG LLP,kpmgllp,Private Sector,25,0.0,0,8
KwaAfrica,kwaafrica,International NGO,0,0.0,68,23
Kwame Nkrumah University of Science and Technology,knust,"Academic, Training and Research",0,0.0,0,0
Kyiv School of Economics and Management,kse,"Academic, Training and Research",0,0.0,0,0
LAMB Health Care Foundation,lhcf,National NGO,0,0.0,68,23
Land Equity International,lei,Private Sector,12,33.333333333333336,54,33
Landell Mills,landell-mills,Private Sector,0,0.0,59,20
Larive International,larive,Private Sector,0,0.0,59,20
Laïcité et Humanisme en Afrique Centrale (LHAC),lhac,National NGO,12,0.0,0,4
Le Monde selon les femmes asbl,mondefemmes,National NGO,25,0.0,0,8
LEAD International,lead_international,International NGO,0,0.0,0,0
Leaders of Tomorrow,sqf,Private Sector,0,0.0,78,26
Learning for Life,learningforlife,International NGO,0,0.0,0,0
Legal Action Worldwide,law,International NGO,25,0.0,86,37
Lemann Foundation,lemann,Foundation,12,33.333333333333336,74,40
Leonard Cheshire Disability,lcd_admin,International NGO,50,16.666666666666668,72,46
Lepra,lepra,International NGO,0,0.0,0,0
Light Castle Partners,lcp,Private Sector,12,0.0,0,4
Light For The World Belgium,lftw-be,National NGO,12,0.0,0,4
Link Community Development Scotland,lcds,International NGO,0,0.0,74,25
"Lithuania, Ministry of Foreign Affairs",lithuania_mfa,Government,0,0.0,0,0
Lively Minds,livelyminds,International NGO,0,0.0,0,0
Liverpool School of Tropical Medicine,lstm,"Academic, Training and Research",25,41.666666666666664,70,46
Living Earth Foundation,livingearth12,International NGO,0,0.0,68,23
living peace institute,lpi,National NGO,50,0.0,68,39
LIWA programme trust,liwa-admin,"Academic, Training and Research",0,0.0,0,0
Local Development and Small Projects Support,ldsps,National NGO,0,0.0,0,0
London Business School,lbs,"Academic, Training and Research",12,0.0,74,29
London School of Economics and Political Science,lse,"Academic, Training and Research",25,100.0,63,63
Loughborough University,lboro,"Academic, Training and Research",12,0.0,70,27
LTS International Limited,lts,Private Sector,25,64.33333333333333,75,55
Luminate Foundation Inc.,luminate,Foundation,12,0.0,74,29
Maastricht School of Management,msm-ipd,Foundation,0,0.0,62,21
MADE in Europe,mie-1134415,International NGO,0,0.0,70,23
MAG,mag,International NGO,75,44.333333333333336,66,62
Mainline,mainline,Foundation,38,0.0,0,13
Malaria Consortium,malariaconsortium,International NGO,75,0.0,69,48
Mama Cash,mamac,Foundation,50,100.0,72,74
MAMTA - Health Institute for Mother and Child,mamta_himc,National NGO,0,0.0,62,21
Mango Tree Property Management LTD,mangotree,Private Sector,12,0.0,0,4
MannionDaniels,manniondaniels,Private Sector,100,16.666666666666668,70,62
MapAction,mapaction,International NGO,62,100.0,65,76
marysmeals,marysmeals,International NGO,62,0.0,0,21
Mastercard Foundation,mastercard-foundation,Foundation,0,0.0,53,18
Max Foundation,max-foundation,Foundation,50,50.0,83,61
Maxwell Stamp PLC,mstamp,Private Sector,0,0.0,58,19
McKinsey & Company,mck,Private Sector,0,0.0,57,19
McKinsey Development Partners,mdp,Private Sector,0,0.0,48,16
MDF Global,mdf,Foundation,75,0.0,89,55
MedAccess Guarantee Limited,medaccess,Private Sector,0,0.0,52,17
Medair,medair,International NGO,0,0.0,60,20
Medecins du Monde Belgique - Dokters van de Wereld Belgïe,medecins,National NGO,0,0.0,88,29
Medecins du Monde France,mdm-fr,International NGO,0,0.0,51,17
Media Development Investment Fund,mdif,International NGO,12,66.66666666666667,59,46
"Medical Research Centre (MRC), Sierra Leone",mrc-sierra-leone,National NGO,0,0.0,0,0
MedicineAfrica Ltd.,medafrica,"Academic, Training and Research",25,0.0,0,8
Memisa,memisa,"Academic, Training and Research",0,0.0,0,0
Meningitis Research Foundation,mrf,International NGO,0,0.0,0,0
Mensen met een Missie,mm1,National NGO,0,0.0,77,26
Mercy Corps Europe,mce,International NGO,75,54.333333333333336,82,70
Mercy Corps Global,mcg,International NGO,0,0.0,0,0
Mercy Corps Netherlands,mcn,International NGO,0,0.0,0,0
Mercy Ships UK Limited,msuk,International NGO,75,0.0,0,25
Mercy-USA for Aid and Development,mercy-usa,International NGO,0,0.0,76,25
MICAIA,mic-uk,International NGO,0,0.0,50,17
Micaia Foundation,micfound,National NGO,25,100.0,68,64
Micro Insurance Academy,mia_india,"Academic, Training and Research",0,0.0,0,0
MicroLoan Foundation,mlf,International NGO,0,0.0,0,0
Miel Maya Honing asbl,mmha,National NGO,0,0.0,0,0
Mifumi UK,mifumi_uk,International NGO,62,33.333333333333336,74,56
Milieudefensie,foenl,National NGO,62,100.0,77,80
Millennium Challenge Corporation,millenniumchallenge,Government,75,0.0,78,51
Ministry of Foreign Affairs - United Arab Emirates (UAE),mofaic_uae,Government,0,0.0,56,19
Ministry of Foreign Affairs of  Japan,mofa-jpn,Government,12,0.0,60,24
Ministry of Foreign and European Affairs of the Slovak Republic,slovakaid,Government,0,0.0,68,23
Ministère de l'Economie et des Finances du Bénin,mefbenin,Government,62,0.0,85,49
Mission Øst,missioneast,International NGO,25,0.0,48,24
Mondiaal FNV,mondiaalfnv,National NGO,25,50.0,78,51
Montrose International LLP,montrose_llp,"Academic, Training and Research",0,0.0,64,21
mothers2mothers,m2m_sa,International NGO,0,0.0,67,22
Motivation,motivation,International NGO,25,33.333333333333336,65,41
Mott MacDonald Limited,mml,Private Sector,75,55.666666666666664,76,69
MSI Reproductive Choices,msi,International NGO,62,88.66666666666667,86,79
Mukisa Foundation,mukisa_foundation,National NGO,0,0.0,72,24
Mulanje Mission Hospital,mmh,National NGO,25,0.0,68,31
Multilateral Investment Fund,fomin,Multilateral,25,0.0,80,35
Musalaha Ministry of Reconciliation,mmr_admin2,"Academic, Training and Research",0,0.0,65,22
Musawah Global Vision Berhad,musawah,International NGO,38,0.0,72,37
Muslim Aid,muslimaid,International NGO,0,0.0,0,0
MVO Nederland,mvo_nederland,Other Public Sector,38,0.0,83,40
Mzumbe University,m_u,"Academic, Training and Research",75,0.0,60,45
Médecins Sans Vacances,msv,National NGO,0,0.0,0,0
"Namati, Inc",namati_inc,International NGO,0,0.0,83,28
Nathan Associates London Ltd.,nathan,Private Sector,75,0.0,66,47
National Union of Women With Disabilities of Uganda,nuwodu,National NGO,25,100.0,80,68
Natural Resource Governance Institute (NRGI),nrgi,International NGO,0,0.0,0,0
"Natural Resources Institute, University of Greenwich.",nri,"Academic, Training and Research",0,0.0,60,20
Nature and Development Foundation,ndf_fgm,National NGO,12,0.0,62,25
Near East Foundation (NEF USA),nef_usa,International NGO,0,0.0,0,0
Near East Foundation Mali (NEF Mali),nef_mali,International NGO,0,0.0,91,30
Near East Foundation UK (NEF UK),nef-uk,International NGO,0,66.66666666666667,74,47
Neem Foundation,neem,National NGO,0,0.0,0,0
Nepal Disabled Human Rights Center,dhrc_nepal,National NGO,0,0.0,66,22
Nepal Netra Jyoti Sangh,nnjs_nepal,National NGO,75,0.0,65,47
Netherlands - Ministry of Foreign Affairs,minbuza_nl,Government,100,64.33333333333333,88,84
Netherlands Commission for Environmental Assessment,ncea,Foundation,62,0.0,78,47
Netherlands Enterprise Agency (RVO),rvo,Government,100,0.3333333333333333,84,61
Netherlands Food Partnership,nfp,Foundation,12,0.0,86,33
Netherlands Institute for Multiparty Democracy (NIMD),nimd-hq,International NGO,50,0.0,0,17
Netherlands Organisation for Scientific Research (NWO),nwo,Government,0,11.0,71,27
Netherlands Red Cross,nlrc,International NGO,75,2.6666666666666665,80,53
Netherlands Space Office,nso,"Academic, Training and Research",62,0.0,84,49
Netherlands Water Partnership,nwp,Foundation,25,100.0,74,66
Network for Africa,network4africa,International NGO,0,0.0,0,0
Network For Enterprise Enhancement and Development Support,needs,National NGO,0,0.0,0,0
New York University,nyu,"Academic, Training and Research",0,0.0,62,21
New Zealand - Ministry of Foreign Affairs and Trade - New Zealand Aid Programme,mfat,Government,100,32.0,81,71
NGO Federation of Nepal,nfn,National NGO,0,0.0,0,0
Ngo-federatie (Vlaamse federatie van ngo's voor ontwikkelingssamenwerking),ngo-federatie,National NGO,12,0.0,0,4
Niger Delta Stakeholders Initiative for Community Development and Empowerment,ndsicde,National NGO,62,0.0,83,48
NKHOMA MISSION HOSPITAL,nmhiati,National NGO,0,0.0,0,0
NLR,nlr,International NGO,0,0.0,69,23
NLR Indonesia,nlr_indonesia,National NGO,12,0.0,0,4
Non-Timber Forest Products Exchange Programme,ntfp-ep,Regional NGO,12,100.0,76,63
Nonviolent Peaceforce South Sudan,npss,International NGO,75,0.0,76,50
Norad - Norwegian Agency for Development Cooperation,norad,Government,25,8.0,80,38
NORSAAC,norsaac,National NGO,0,0.0,48,16
Northern Ireland Cooperation Overseas Ltd,nico,Other Public Sector,38,0.0,0,13
Northern Network for Education Development,nned,National NGO,0,0.0,58,19
Northern Rangelands Trust,nrt-kenya,National NGO,0,0.0,0,0
Norwegian People's Aid,npa,International NGO,75,0.0,86,54
Norwegian Refugee Council,nrc,International NGO,75,50.0,66,64
"NpM, Platform for Inclusive Finance",npm,National NGO,0,0.0,70,23
Nuffic,nuffic20171017,"Academic, Training and Research",62,17.0,66,48
Nutrition International,nutritionintl,International NGO,88,0.0,0,29
OCHA Country Based Pooled Funds,unocha-cbpf,Multilateral,100,96.0,88,95
ODI,odi,"Academic, Training and Research",38,100.0,83,74
ODI Sales Limited,odi_sales_ltd,"Academic, Training and Research",0,0.0,0,0
OECD,oecd,Multilateral,50,0.0,76,42
Office for National Statistics,ons,Government,12,0.0,67,26
Okapi Consulting,okapiconsulting,International NGO,0,0.0,48,16
Olamma Cares Foundation,olammacares,National NGO,0,0.0,62,21
One Acre Fund,oneacrefund,International NGO,0,3.6666666666666665,60,21
One to One Children's Fund,onetoonecf,International NGO,0,0.0,0,0
One Young World,oyw,National NGO,0,0.0,62,21
ONG ALCRER,alcrer-1,National NGO,62,0.0,85,49
Open Capital Advisors,oca,Private Sector,12,0.0,77,30
openmindedly,openmindedly,Private Sector,0,0.0,0,0
OpenNorth,opennorth,International NGO,0,0.0,0,0
Opportunity International Savings and Loans Ltd,oisl_gh,Private Sector,0,0.0,71,24
Opportunity International UK,opportunity-international-uk,International NGO,38,0.0,71,36
Options Consultancy Services,options,Private Sector,75,89.0,84,83
Orbis Africa,orbis_africa,International NGO,0,0.0,0,0
Orbis Charitable Trust,orbis_uk,International NGO,75,33.333333333333336,93,67
Orbis Ethiopia,orbis_ethiopia,National NGO,62,0.0,92,51
Orbis International,orbis_international,International NGO,75,33.333333333333336,86,65
OurLoop Stitchting,loop,Foundation,62,0.0,71,44
Oxfam America,oxfamus,International NGO,0,0.0,61,20
Oxfam Australia,oau,International NGO,25,0.0,68,31
Oxfam GB,oxfamgb,International NGO,62,0.0,73,45
Oxfam IBIS,ibis_denmark,International NGO,62,0.0,48,37
Oxfam India,oxfamindia,National NGO,0,0.0,0,0
Oxfam Intermón,oxfamintermon,International NGO,0,0.0,72,24
Oxfam Novib,onl,International NGO,100,14.0,83,66
Oxfam Solidarité-Solidariteit,oxsol,National NGO,75,0.0,0,25
Oxfam Wereldwinkels,oww,National NGO,0,0.0,0,0
Oxfam-Magasins du monde (omdm),omdm,National NGO,25,0.0,0,8
Oxfam-Quebec,oqc,International NGO,38,0.0,86,41
Oxford Policy Management,opml,Private Sector,25,72.33333333333333,67,55
Pact,pact,International NGO,50,0.0,68,39
Palladium Europe,palladium_eur,Private Sector,62,0.0,74,45
Palladium International Ltd (UK),palladium,Private Sector,75,9.0,76,53
Palliative Care Association of Malawi,pacam,National NGO,25,0.0,0,8
Palliative Care Support Trust,pcst,National NGO,25,0.0,74,33
Pan African Climate Justice Alliance,pacja,International NGO,12,20.0,69,34
Panos Institute West Africa (PIWA),ipao,International NGO,0,0.0,54,18
Paradigm Initiative,paradigm,International NGO,12,0.0,0,4
Partnership for African Social & Governance Research (PASGR),pasgr,"Academic, Training and Research",50,0.0,0,17
partos,partos_nl,National NGO,0,0.0,75,25
Pastoralist Girls Initiative,pgi_kenya,National NGO,38,0.0,66,35
PATH,_path_,International NGO,62,11.0,69,47
Pathfinder International,pathfinder1,International NGO,38,33.333333333333336,75,49
PAX,pax,International NGO,88,31.666666666666668,79,66
Peace Brigades International,pbi_io,International NGO,0,33.333333333333336,62,32
Peace Direct,peacedirect,International NGO,25,33.333333333333336,83,47
PEAS (Promoting Equality in African Schools),peas,International NGO,25,0.0,59,28
Penal Reform International,pri,International NGO,12,0.0,74,29
People In Aid,peopleinaid,International NGO,0,0.0,74,25
People in Need,pin,International NGO,62,0.0,64,42
People's Process on Housing and Poverty in Zambia,pphpz,International NGO,0,0.0,62,21
PHASE Nepal,phase-nepal,National NGO,0,0.0,0,0
PHASE Worldwide,phase_worldwide,International NGO,25,0.0,74,33
Plan International Belgium,pib,National NGO,12,0.0,0,4
Plan International Finland,planinternationalfinland,International NGO,0,0.0,0,0
Plan International Netherlands,plannlno,International NGO,88,0.0,82,57
Plan International UK,plan_uk,International NGO,88,12.0,69,56
Plan International USA,plan_usa,International NGO,0,0.0,74,25
Plan Ireland Charitable Assistance Limited,plan_ireland,International NGO,0,0.0,0,0
PlanBørnefonden,plb,International NGO,62,33.333333333333336,62,52
PONT,pont,International NGO,0,0.0,0,0
Pontis Foundation,pontis,Foundation,0,0.0,0,0
Population Media Center,pmc,International NGO,0,0.0,64,21
Population Service International,psi,International NGO,62,0.0,75,46
Population Services Kenya,pskenya_19,National NGO,0,0.0,66,22
PositiveNegatives,posneg,Other Public Sector,0,0.0,71,24
Power International,power,International NGO,0,0.0,71,24
PPAG,ppag_123,National NGO,12,0.0,0,4
PRACTICA Foundation,practica,Foundation,0,0.0,0,0
Practical Action,pa,International NGO,75,55.666666666666664,73,68
Pragya India,pragya,National NGO,0,0.0,0,0
PRI Association,pri_icf,"Academic, Training and Research",0,0.0,0,0
PricewaterhouseCoopers Private Limited India,pwcplindia,Private Sector,75,0.0,74,50
Prince Claus Fund,pcf,International NGO,0,0.0,70,23
Private Infrastructure Development Group,pidg,Multilateral,12,0.0,80,31
Programming Their Future,p-t-f-,"Academic, Training and Research",25,0.0,0,8
Progressio (closed),progressio,International NGO,0,0.0,46,15
Project Harar,phe,International NGO,0,0.0,0,0
Promundo-US,pmo-us,International NGO,12,0.0,80,31
Protecting Families Against HIV/AIDS,prefa_1,National NGO,0,0.0,83,28
Protos,protos,National NGO,62,0.0,85,49
Publish What You Fund,pwyf,International NGO,75,0.0,65,47
PUM Netherlands,pumnl,International NGO,62,0.0,0,21
Pump Aid,pumpaid,International NGO,0,0.0,87,29
PwC,pwc,Private Sector,75,50.0,73,66
Queen Rania Foundation for Education and Development,qrfed,National NGO,0,0.0,59,20
Quinoa,quinoa,National NGO,0,0.0,0,0
Rabo Partnerships,rabo_partnerships,Private Sector,0,9.666666666666666,66,25
Radio La Benevolencija,rlb,International NGO,0,33.333333333333336,89,41
Rahnuma-Family Planning Assocation of Pakistan,rfpap,National NGO,0,0.0,0,0
Railway Children,rc,International NGO,25,0.0,73,33
Railway Children Africa,rc2africa,National NGO,0,0.0,0,0
RAIN Foundation (former),rainfoundation,International NGO,12,0.0,78,30
Rainforest Action Network,ran,International NGO,25,0.0,0,8
Rainforest Foundation UK,rfuk,International NGO,62,0.0,71,44
Raleigh International,raleigh_int,International NGO,62,0.0,78,47
RCN Justice & Démocratie,rcn,National NGO,38,0.0,79,39
Reach A Hand Uganda,rahuug,National NGO,0,0.0,0,0
Red Cross Red Crescent Climate Centre,climate_centre,International NGO,12,0.0,0,4
RedR UK,redruk,International NGO,25,0.0,0,8
Regional Advisory Information and Network Systems,rains,National NGO,25,0.0,71,32
"Rehabilitation, Education and Community Health (REACH)",reach-iraq,National NGO,0,0.0,60,20
Relief International UK,ri-uk,International NGO,62,0.0,74,45
Rene Moawad Foundation,rmf-lb,National NGO,0,0.0,80,27
Republic of Korea,odakorea,Government,75,0.0,88,54
Resilience,resilience,"Academic, Training and Research",0,0.0,70,23
Resource Extraction Monitoring,rem,International NGO,0,0.0,0,0
Responsible Mining Foundation,rmf,Foundation,0,0.0,0,0
Restart Center,restartcenter,National NGO,0,0.0,54,18
Restless Development,restless,International NGO,0,33.333333333333336,80,38
Results for Development,r4d,International NGO,25,33.333333333333336,69,42
Retrak,retrak,International NGO,0,0.0,0,0
Right to Play Netherlands Foundation,rtp,International NGO,0,0.0,0,0
Rights and Resources Initaitive,rri,International NGO,25,0.0,63,29
Rikolto,rikolto,Foundation,25,0.0,0,8
Rikolto in Belgium,rikolto_belgium,National NGO,0,0.0,0,0
Rocky Mountain Institute,rmi,International NGO,25,0.0,76,34
Rode Kruis-Vlaanderen Internationaal vzw,rkiv,National NGO,12,0.0,0,4
Rojiroti UK,rojiroti,International NGO,0,0.0,0,0
Rotary Clubs For Development,rc4d,National NGO,0,0.0,0,0
Royal College of General Practitioners (RCGP),rcgp-international,National NGO,0,0.0,0,0
Royal College of Obstetricians & Gynaecologists,rcog_resilience_in_obstetric_skills,"Academic, Training and Research",0,0.0,60,20
Royal Commonwealth Ex-Sevices League,rcel,International NGO,75,66.66666666666667,80,74
Royal National Lifeboat Institution (RNLI),rnli_international,International NGO,25,0.0,82,36
Royal Netherlands Football Association,knvb,Other Public Sector,0,0.0,0,0
Royal Society for the Protection of Birds,rspb_,International NGO,0,0.0,0,0
Royal Tropical Institute,kit,International NGO,62,42.0,76,60
RUAF Foundation,ruaf,Foundation,0,0.0,78,26
Rutgers,rutgers,International NGO,25,0.0,78,34
Sabre Education Limited,sct,International NGO,50,0.0,74,41
Saferworld,saferworld,International NGO,62,0.0,82,48
Samaritan's Purse UK,spuk,International NGO,0,0.0,86,29
Sana'a Center for Strategic Studies,scss,National NGO,62,0.0,80,47
Satellite Applications Catapult Ltd,satelliteapplicationscatapultltd,Private Sector,12,33.333333333333336,62,36
Savana Signatures,savsign-org,National NGO,0,0.0,0,0
Save the Children DK,redbarnet,International NGO,50,0.0,58,36
Save the Children International,sci,International NGO,75,0.0,74,50
Save the Children Netherlands,scnl,International NGO,88,78.66666666666667,80,82
Save the Children UK,scuk,International NGO,25,0.0,60,28
SCI Projets Internationaux ASBL_Service Civil International branche belge,scibelgium,National NGO,12,0.0,0,4
Scotland's International Development Alliance,sinda,Regional NGO,0,0.0,80,27
Scottish Catholic International Aid Fund (SCIAF),sciaf,International NGO,100,66.66666666666667,77,81
"SDSN Association, Inc.",sdsna,International NGO,25,66.66666666666667,68,53
Search for Common Ground (SFCG),sfcg,International NGO,50,83.0,77,70
SECOURS CATHOLIQUE - CARITAS FRANCE,sccf,International NGO,0,8.666666666666666,68,26
Seefar,seefar,Private Sector,0,0.0,60,20
SeeYou Foundation,syf,International NGO,0,100.0,72,57
Sehat Kahani (Community Innovation Hub),sehatkahanicih,Private Sector,0,0.0,66,22
Self Help Africa,self-help-africa,International NGO,62,33.333333333333336,62,52
Send a Cow,sendacow,International NGO,50,16.666666666666668,72,46
Send a Cow Ethiopia,sacethiopia,National NGO,12,0.0,0,4
Send a Cow Kenya,sac_kenya,National NGO,25,0.0,0,8
Send a Cow Uganda,sacu,National NGO,0,0.0,58,19
Sense International,sense_international,International NGO,50,25.0,76,50
Sensorial Handicap Cooperation,shc,"Academic, Training and Research",12,0.0,0,4
Sexual Reproductive Health and Rights Africa Trust,srhr_africa_trust,Regional NGO,38,100.0,72,70
Shack Dwellers International - Kenya,sdi-k,National NGO,0,0.0,62,21
ShelterBox,shelterbox,International NGO,0,0.0,0,0
Shift Project Ltd.,shiftproject,International NGO,0,0.0,46,15
Shortlist Professionals Limited,shortlistogti,Private Sector,25,0.0,77,34
Sightsavers,ss-org,International NGO,75,51.333333333333336,86,71
Signal,signal,International NGO,0,0.0,77,26
SIHA Network,siharegional,Regional NGO,12,0.0,81,31
siiqqee Women's Development Association,swda,National NGO,38,100.0,71,70
Silsab Foundation,silsab1-_,National NGO,0,0.0,54,18
Simavi,simavi,Foundation,38,58.333333333333336,66,54
Simprints,simprints,International NGO,0,0.0,0,0
Siren Associates,siren,Private Sector,38,0.0,0,13
Slovenia - Ministry of Foreign Affairs,si-mfa,Government,0,33.333333333333336,63,32
Slum Dwellers International,sdi-int,International NGO,0,50.0,53,34
SNV Netherlands Development Organisation,snv,International NGO,50,8.333333333333334,80,46
SOAS University of London,soas,"Academic, Training and Research",0,0.0,0,0
Sociaal-Economische Raad,ser,Other Public Sector,0,23.333333333333332,65,29
Social Accountability International,social_accountability_international,International NGO,12,0.0,50,21
Social Development Direct Limited,sddirect,Private Sector,25,2.3333333333333335,68,32
"Social Fund for Development, Yemen",sfd-yemen,Other Public Sector,0,0.0,34,11
Social Impact Lab CIC,simlab,International NGO,0,0.0,59,20
Social Watch Benin,swb_1,National NGO,0,0.0,0,0
Société Nationale des eaux du Bénin (SONEB),soneb-benin,Other Public Sector,50,0.0,86,45
SolarNow Services (U) Ltd,solarnowsofa,Private Sector,12,0.0,68,27
Solidagro,solidagro_admin,"Academic, Training and Research",12,0.0,0,4
Solidar Suisse,solidarsuisse,International NGO,38,100.0,80,73
Solidaridad,solidaridad,International NGO,12,0.0,85,32
Solidaridad Europe,solidaridad-europe,International NGO,12,0.0,84,32
Solidaridad South & South-East Asia,solidaridad-ssea,International NGO,12,0.0,74,29
Solidaridad West Africa,solidaridad-waf,International NGO,12,0.0,88,33
Solsoc,solsoc,National NGO,12,0.0,0,4
Soluciones en Legislación y Política Ambiental AC,polea,National NGO,0,0.0,0,0
Sonke Gender Justice,sjg,International NGO,0,0.0,84,28
SOS Children's Villages Kenya,soscvkenya,International NGO,0,0.0,0,0
SOS Children's Villages The Netherlands,sosnl,Foundation,75,0.0,74,50
SOS FAIM - SOS HUNGER,sosfaim,National NGO,12,0.0,0,4
SOS Kinderdorpen België / SOS Villages d'Enfants Belgique,svdbskb_admin,International NGO,50,0.0,0,17
SOS Sahel International UK,sossaheluk,International NGO,0,0.0,0,0
Sound Seekers Limited,soundseekers,International NGO,0,0.0,0,0
South African Network of People who Use Drugs,sanpud,National NGO,38,33.333333333333336,78,50
South West International Development Network,swidn,"Academic, Training and Research",0,33.333333333333336,77,37
Southern African Catholic Bishops' Conference Aids Office,sacbc,Regional NGO,0,0.0,58,19
SouthSouthNorth,ssn,International NGO,38,3.3333333333333335,63,35
Sowt podcasting and training L.L.C,sowt,Private Sector,25,0.0,83,36
Spain - Ministry of Foreign Affairs and Cooperation,maec,Government,0,0.0,76,25
Spanish Agency for International Development Cooperation (AECID),aecid,Government,88,3.3333333333333335,82,58
SPARK,spark,International NGO,62,0.0,85,49
Special Hope Network,shn,International NGO,0,0.0,0,0
Stakeholder Democracy Network,sdn,International NGO,12,0.0,77,30
Stars Foundation,starsfoundation,Foundation,0,0.0,60,20
Stellenbosch University,su-impala,"Academic, Training and Research",12,0.0,0,4
Stichting ActionAId,aanl,International NGO,38,33.333333333333336,80,50
Stichting Aflatoun International,aflatoun,International NGO,0,0.0,0,0
Stichting Agriterra,agriterra,Foundation,75,0.0,80,52
Stichting Aidenvironment,aidenvironment,Foundation,38,0.0,92,43
Stichting Beheer Subsidiegelden DRA,stichting-subsidiegelden-dra,International NGO,75,0.0,83,53
Stichting Deltares,deltares,Foundation,0,0.0,63,21
Stichting Fern,stichtingfern,International NGO,50,14.0,73,46
Stichting fondsbeheer DGGF lokaal MKB,dggf_financing_local_smes,Foundation,38,51.333333333333336,78,56
Stichting Health Action International,hai,Foundation,12,33.333333333333336,70,38
Stichting Humana,humana_houben,International NGO,0,0.0,60,20
Stichting Kinderpostzegels Nederland,skn,International NGO,12,0.0,0,4
Stichting Leprazending Nederland - The Leprosy Mission Netherlands,leprazending-tlm-nl,Foundation,0,100.0,70,57
Stichting Liliane Fonds,slf,National NGO,0,0.0,0,0
Stichting Mayday Rescue Foundation,maydayrescue,Foundation,0,0.0,59,20
Stichting Nederlands Instituut voor Internationale Betrekkingen 'Clingendael',clingendael,"Academic, Training and Research",0,16.666666666666668,67,28
Stichting Onderzoek Multinationale Ondernemingen (SOMO),somo,"Academic, Training and Research",62,50.0,73,62
Stichting Red een Kind,redeenkind,International NGO,50,0.0,83,44
Stichting Vluchteling,st_vluchteling,International NGO,75,0.0,87,54
Stichting VU Amsterdam - Amsterdam Centre for World Food Studies,acwfs_vu,"Academic, Training and Research",0,0.0,46,15
Stichting Wilde Ganzen/ IKON,nl_wg,National NGO,12,0.0,77,30
Stichting Wings For Aid Foundation,wfaf,Foundation,25,33.333333333333336,65,41
Stichting Woord en Daad,w-d,International NGO,88,55.666666666666664,76,73
Stockholm International Water Institute,siwi,International NGO,25,0.0,74,33
Street Child,street_child,International NGO,88,66.66666666666667,83,79
StreetInvest,si,International NGO,0,0.0,0,0
Stromme Foundation,stromme_ug,National NGO,0,0.0,0,0
Studio Globo,sg,"Academic, Training and Research",25,0.0,0,8
Support Trust for Africa Development (STAD),stad,International NGO,0,0.0,0,0
Survivors Fund (SURF),surf,International NGO,62,0.0,60,41
Sustainable Development Institute,sdi,Regional NGO,25,100.0,77,67
Sustainable Hospitality Alliance,sha,International NGO,12,0.0,65,26
"Sweden, through Swedish International Development Cooperation Agency (Sida)",sida,Government,100,36.666666666666664,86,74
Switzerland - Swiss Agency for Development and Cooperation (SDC),sdc_ch,Government,12,0.0,66,26
Sympany+,simone_sympany,International NGO,0,0.0,0,0
Synergie des Femmes pour la Paix et la Réconciliation des Peuples des Grands Lacs d'Afrique,spr,Regional NGO,0,100.0,74,58
Synergía - Initiatives for Human Rights,synergiaihr,International NGO,0,0.0,60,20
Syria Justice and Accountability Centre (SJAC),sjac,National NGO,25,100.0,80,68
Syria Relief,sr,National NGO,0,0.0,55,18
Tameer-e-Khalaq Foundation,tkf1234,National NGO,25,0.0,68,31
Target TB,targettb,International NGO,0,0.0,0,0
TB Alert,tbalert,International NGO,0,0.0,80,27
Teach A Man To Fish,tamtf,International NGO,0,0.0,0,0
TEAR fund Nederland,tear,National NGO,88,0.0,79,56
Tearfund,tearfund,International NGO,62,39.0,76,59
Tearfund VZW (TFBE),tfb_admin1,National NGO,50,0.0,0,17
TechnoServe,tns,International NGO,50,33.333333333333336,74,52
Terre des Hommes Netherlands,tdh_nl,International NGO,62,87.66666666666667,76,75
Terre des hommes- Aide à l'enfance dans le monde- Fondation,tdh_foundation,International NGO,38,33.333333333333336,72,48
The Access to Nutrition Foundation,atnf,International NGO,0,0.0,63,21
The Asia Foundation,taf,International NGO,25,0.6666666666666666,74,33
The Carter Center,carter-center,International NGO,0,0.0,0,0
the center for victimized women and children,cavwoc,National NGO,0,0.0,0,0
The Centre for Economic Governance and Accountability in Africa  (CEGAA),cegaa,National NGO,25,0.0,77,34
The Climate Change Organisation,climate-group,International NGO,0,0.0,59,20
The Coca-Cola Export Corporation,tccec,Private Sector,0,0.0,0,0
The Commonwealth Secretariat,commonwealthsecretariat,Multilateral,50,0.0,64,38
The Convention on Business Integrity,cbi-nigeria,International NGO,0,0.0,0,0
The Education Commission,educomm,"Academic, Training and Research",50,33.333333333333336,63,49
The Faraday Institution,thefaradayinstitution,"Academic, Training and Research",25,33.333333333333336,72,43
The Foundation Center,foundation_center,International NGO,0,0.0,0,0
The Fred Hollows Foundation (UK),fhfuk,International NGO,38,0.0,0,13
The Freedom Fund,tff,International NGO,0,0.0,76,25
The Freedom Fund (US),tffus,International NGO,25,0.0,0,8
The Global Alliance for Improved Nutrition,gain,International NGO,75,0.0,75,50
"The Global Development Incubator, Inc",gdi,International NGO,25,0.0,0,8
The Global Forum on MSM & HIV (MSMGF),msmgf,International NGO,0,0.0,66,22
"The Global Fund to Fight AIDS, Tuberculosis and Malaria",theglobalfund,Multilateral,100,76.33333333333333,90,89
The Global Initiative Against Transnational Organized Crime,gi-toc,Other Public Sector,38,0.0,78,39
the global steering group for impact investment,gsg,International NGO,62,0.0,65,42
The HALO Trust,halo,International NGO,75,43.0,67,62
The Hunger Project Netherlands,thp_org,International NGO,38,0.0,76,38
The Institute for Strategic Dialogue,isdglobal,"Academic, Training and Research",50,0.0,68,39
The International Children's Trust,theict,International NGO,0,0.0,63,21
The International Institute for Strategic Studies,iiss,"Academic, Training and Research",0,0.0,71,24
The International Institute for Sustainable Development,iisd,International NGO,50,33.333333333333336,74,52
The International Rescue Committee,irc_inc,International NGO,75,32.333333333333336,81,63
The Leprosy Mission England and Wales,tlmew,International NGO,62,16.666666666666668,72,50
The Leprosy Mission Nepal,tlmnepal,National NGO,62,33.333333333333336,68,54
The Mailman School of Public Health,mailman_school_of_public_health,"Academic, Training and Research",0,33.333333333333336,59,31
The MENTOR Initiative,the_mentor_initiative,International NGO,25,33.333333333333336,80,46
The National Association of Municipalities of Benin (ANCB),ancb_benin,National NGO,12,0.0,94,35
The OPEC Fund for International Development (OFID),ofid,Multilateral,0,0.0,46,15
The Open University,open_university,"Academic, Training and Research",88,41.666666666666664,76,69
"The Population Council, Inc.",populationcouncil,"Academic, Training and Research",25,0.0,72,32
The Power of Nutrition,the_power_of_nutrition,Foundation,0,47.666666666666664,64,37
The Princess Alia Foundation,paf_2018,Foundation,0,0.0,0,0
The Proforest Initiative UK,pi-uk,"Academic, Training and Research",25,0.0,0,8
The Queen Elizabeth Diamond Jubilee Trust,qedjt,Foundation,0,0.0,68,23
The Salvation Army International Development UK,said-uk,International NGO,0,0.0,72,24
The Uganda Association of Women Lawyers ( FIDA Uganda),fidauganda,National NGO,12,0.0,71,28
The United Nations Relief and Works Agency for Palestine Refugees in the Near East (UNRWA),unrwa,Multilateral,88,33.333333333333336,70,64
"The University of Dodoma (UDOM), Tanzania",udom,"Academic, Training and Research",75,0.0,0,25
The University of Manchester,uom,"Academic, Training and Research",25,22.0,72,40
The University of Oxford,oxford,"Academic, Training and Research",88,25.0,68,60
The University of Sheffield,tuos,"Academic, Training and Research",25,0.0,63,29
The William and Flora Hewlett Foundation,hewlett-foundation,Foundation,25,0.0,73,33
The World Bank,worldbank,Multilateral,100,92.0,86,93
Theatre for a Change Malawi,tfacmalawi,National NGO,0,0.0,0,0
Theatre for a Change UK,tfac,International NGO,0,0.0,0,0
Thomson Reuters Foundation,trf,Foundation,0,33.333333333333336,62,32
Timber Trade Federation Ltd.,ttf,Private Sector,12,0.0,0,4
Timidria,timidria,National NGO,0,0.0,58,19
TradeMark East Africa,tmea,Regional NGO,50,0.0,63,38
TRAFFIC International,traffic,"Academic, Training and Research",12,0.0,0,4
Traidcraft Exchange,traidcraft,International NGO,75,0.0,0,25
TRAIDE Foundation,traide_foundation,Foundation,0,100.0,64,55
Transform Africa,transafrica19,International NGO,25,0.0,60,28
transforma,transforma,National NGO,0,0.0,58,19
Transition International,ti_nl,Government,25,100.0,79,68
Transnational Institute,tni,Foundation,12,33.333333333333336,67,37
Transparency International Bangladesh,tib,National NGO,0,0.0,0,0
Transparency International Kenya,ti_kenya,National NGO,0,0.0,0,0
Transparency International UK,ti-uk,International NGO,0,0.0,68,23
Transparently Lebanese,transparently_lebanese,National NGO,38,0.0,46,28
TREE AID,treea,International NGO,88,0.0,78,55
Triangle Génération Humanitaire,tgh,International NGO,25,0.0,0,8
Trianglen,trianglen,National NGO,0,14.666666666666666,82,32
Trias,trias,National NGO,25,0.0,0,8
Triggerise Ethiopia,trig,International NGO,0,0.0,77,26
Triple Line,tripleline_crownagents,Private Sector,0,0.0,52,17
Trocaire,trocaire,International NGO,62,0.0,82,48
Trocaire (Northern Ireland),troc,International NGO,0,0.0,67,22
Tropenbos International,tbi,International NGO,12,5.333333333333333,71,29
Tropical Health and Education Trust,tropicalhealth,International NGO,38,16.666666666666668,74,43
Trust for Africa's Orphans,tao-03473165,International NGO,0,0.0,0,0
Trust for Indigenous Culture and Health,ticah,International NGO,0,0.0,61,20
Twaweza,twaweza,Regional NGO,12,0.0,49,20
Twin,twin-iati,International NGO,0,0.0,62,21
Uganda Martyrs University,umu,"Academic, Training and Research",75,0.0,0,25
UHAI EASHRI,uhai-eashri,Foundation,50,33.333333333333336,74,52
"UK - Department for Business, Energy and Industrial Strategy (BEIS)",beis,Government,88,35.333333333333336,88,70
"UK - Department for Digital, Culture, Media and Sport",dcms,Government,0,0.0,80,27
"UK - Department for Environment, Food and Rural Affairs",defra_transparency,Government,12,27.0,84,41
UK - Department for Work and Pensions,dwp,Government,0,33.333333333333336,60,31
UK - Department of Health and Social Care (DHSC),dhsc,Government,62,60.333333333333336,86,69
"UK - Foreign, Commonwealth and Development Office",fcdo,Government,100,36.666666666666664,84,74
UK - Home Office,homeoffice,Government,75,0.0,69,48
UK - Medical Research Council,mrc,Government,0,0.0,72,24
UK - Ministry of Defence,ukmod,Government,0,0.0,78,26
UK - Scottish Government,scottish_government,Government,0,0.0,0,0
UK – Department for Education,dfe,Government,0,0.0,0,0
UK-Med,uk-med,International NGO,25,0.0,71,32
ULB-Coopération,ulbcoop,National NGO,12,0.0,0,4
UN Global Compact Local Network UK,ungc-uk,Multilateral,75,33.333333333333336,59,56
UN Pooled Funds,unpf,Multilateral,12,0.0,58,23
UN Women,unw,Multilateral,100,70.66666666666667,89,87
UN-Habitat,unhabitat,Multilateral,0,0.0,54,18
Unicef Belgium National Committee,ub,National NGO,12,0.0,0,4
UNICEF Netherlands National Committee,unicefnl,National NGO,50,0.0,66,39
Unie van Waterschappen,uvw,Other Public Sector,38,0.0,69,36
Union des Villes et Communes de Wallonie (UVCW),uvcw,Other Public Sector,25,0.0,0,8
Union of Agricultural Work Committees,uawc,National NGO,0,0.0,0,0
UNITAID,utd,Multilateral,100,81.0,72,84
United Disabled Persons of Kenya,udpk,National NGO,0,0.0,0,0
United Mission to Nepal,umn,International NGO,0,0.0,0,0
United Nations Capital Development Fund,uncdf,Multilateral,12,0.0,69,27
United Nations Central Emergency Response Fund (CERF),cerf,Multilateral,100,100.0,84,95
United Nations Children's Fund (UNICEF),unicef,Multilateral,100,99.66666666666667,96,99
United Nations Development Coordination Office,undco,Other Public Sector,0,0.0,77,26
United Nations Development Programme (UNDP),undp,Multilateral,100,67.66666666666667,88,85
"United Nations Educational, Scientific and Cultural Organization (UNESCO)",unesco,Multilateral,25,90.33333333333333,73,63
United Nations Environment Programme (UNEP),un-environment,Multilateral,25,83.33333333333333,66,58
United Nations Foundation,unf,National NGO,75,11.0,68,51
United Nations High Commissioner for Refugees (UNHCR),unhcr,Multilateral,100,98.0,85,94
United Nations Industrial Development Organization (UNIDO),unido,Multilateral,75,48.0,70,64
United Nations Joint Programme on HIV and AIDS Secretariat (UNAIDS),unaids,Multilateral,25,0.0,0,8
United Nations Office for Project Services (UNOPS),unops,Multilateral,88,0.0,70,53
United Nations Office for the Coordination of Humanitarian Affairs (OCHA),unocha,Multilateral,100,100.0,97,99
United Nations Office for the Coordination of Humanitarian Affairs (Specially-Designated Contributions),unocha-sdc,Multilateral,62,33.333333333333336,87,61
United Nations Population Fund,unfpa,Multilateral,88,0.0,0,29
United Nations World Food Programme (WFP),wfp,Multilateral,100,100.0,98,99
United Purpose,cu,International NGO,0,0.0,68,23
United States,unitedstates,Government,62,0.0,86,49
United States Agency for International Development (USAID),usaid,Government,100,0.0,76,59
United Work,united_work,National NGO,0,0.0,0,0
Universidad de los Andes,uand_2020,"Academic, Training and Research",0,0.0,0,0
Universitair Centrum voor Ontwikkelingssamenwerking,ucos,National NGO,0,0.0,0,0
Universiteit Leiden,universiteit_leiden,"Academic, Training and Research",75,100.0,80,85
Universiti Malaya,rmc_um,"Academic, Training and Research",12,0.0,59,24
University College London,ucl,"Academic, Training and Research",0,0.0,0,0
University of Amsterdam,uva_org,"Academic, Training and Research",12,0.0,62,25
University of Birmingham,universityofbirmingham,"Academic, Training and Research",25,0.0,62,29
University of Cape Town,uct,"Academic, Training and Research",75,0.0,72,49
University of Central Lancashire,uclan,"Academic, Training and Research",0,0.0,57,19
University of Dar es Salaam,udsm-cbs,"Academic, Training and Research",0,0.0,0,0
University of Dundee,uodcepmlp,"Academic, Training and Research",0,0.0,50,17
University of Edinburgh,uoe,"Academic, Training and Research",25,0.0,51,25
University of Kinshasa,dspd_unikin,"Academic, Training and Research",0,0.0,46,15
University of Leeds,leedsuni,"Academic, Training and Research",62,100.0,72,78
University Of Liverpool,uol,"Academic, Training and Research",25,0.0,62,29
University of Nottingham,uni_of_nottingham,"Academic, Training and Research",0,0.0,0,0
University of York,uoy,"Academic, Training and Research",0,0.0,0,0
University Of Zimbabwe,1-uz,"Academic, Training and Research",0,0.0,0,0
University Putra Malaysia,upm,"Academic, Training and Research",25,0.0,0,8
University Twente,utwente,"Academic, Training and Research",0,0.0,0,0
Upper Quartile,uq,Private Sector,0,0.0,80,27
Urgent Action Fund for Women's Human Rights,uaf,International NGO,25,100.0,74,66
Urgent Action Fund Latin America and the Caribbean,uafla,Regional NGO,12,0.0,0,4
Urgent Action Fund-Africa,uaf-africa,Regional NGO,12,100.0,74,62
UTZ,utz,International NGO,0,0.0,0,0
UWEZO Youth Empowerment,uwezo_youth_empowerment,National NGO,0,0.0,65,22
Varkey Foundation,varkeyfoundation,International NGO,62,0.0,57,40
VEI (Vitens-Evides International),vei_nl,Private Sector,75,25.0,78,59
VETERINAIRES SANS FRONTIERES / DIERENARTSEN ZONDER GRENZEN - BELGIUM,vsfbelgium,National NGO,0,0.0,0,0
VIA Don Bosco,via-db,National NGO,12,0.0,0,4
Village Enterprise,villageenterprise,International NGO,0,0.0,0,0
Village Water Ltd,villagewater,International NGO,75,0.0,68,48
Vision Aid Overseas,vao,International NGO,0,0.0,74,25
Vision for a Nation Foundation,vfan,International NGO,0,0.0,71,24
VisionFund International,vfi,International NGO,0,0.0,0,0
Viva,viva,International NGO,0,66.66666666666667,68,45
Vlaamse Interuniversitaire Raad voor Universitaire Ontwikkelingssamenwerking (VLIR-UOS),vlir-uos,"Academic, Training and Research",0,0.0,0,0
VNG International,vngi,Other Public Sector,12,0.0,79,30
Voluntary Health Association of India,vhai-org,"Academic, Training and Research",0,0.0,0,0
Voluntary Service Overseas (VSO),vso,International NGO,75,16.666666666666668,72,55
VVOB Education for Development,vvob,Other Public Sector,12,0.0,0,4
VVSG - Vereniging van Vlaamse Steden en Gemeenten,vvsg,Other Public Sector,12,0.0,0,4
Wageningen University & Research - Stichting Wageningen Research,wageningen_ur,"Academic, Training and Research",62,44.333333333333336,82,63
War Child Canada,wcc,International NGO,0,0.0,0,0
War Child Holland,warchildholland,International NGO,75,0.0,58,44
War Child UK,wcuk,International NGO,50,0.0,65,38
War on Want,waronwant,International NGO,0,0.0,52,17
War on Want NI,wowni,International NGO,0,0.0,0,0
WASH Alliance International,wai,International NGO,0,0.0,0,0
WASTE advisers on urban environment and development,waste,Foundation,62,100.0,83,82
WasteAid UK,wasteaid,International NGO,88,0.0,65,51
Water & Sanitation for the Urban Poor (WSUP),wsup,Public Private Partnership,0,0.0,77,26
Water Finance Facility,wff,Private Sector,75,16.666666666666668,88,60
Water for People,w4p,International NGO,0,0.0,0,0
Water Integrity Network Association,win,International NGO,12,0.0,61,24
Water Witness International,water-witness-international,International NGO,0,0.0,60,20
Water Works,waterworks,International NGO,0,0.0,0,0
WaterAid,wateraid,International NGO,38,0.0,74,37
Wayamo Foundation,wayamo,International NGO,25,0.0,0,8
We Effect,weeffect,International NGO,0,0.0,77,26
We World - GVC Onlus,ww-gvc,International NGO,50,0.0,0,17
Welbodi Partnership,welbodipartnership,"Academic, Training and Research",25,0.0,0,8
Wellfound,wellfound,International NGO,25,0.0,73,33
Welsh Centre for International Affairs,wcia,National NGO,50,33.333333333333336,80,54
Welthungerhilfe,whh,International NGO,0,66.66666666666667,66,44
Wemos Foundation,wemos,International NGO,12,0.0,0,4
Wereldsolidariteit-Solidarité Mondiale (WSM),wsm,National NGO,0,0.0,0,0
Westminster Foundation for Democracy,wfd,Other Public Sector,0,11.0,54,22
Wetlands International,wi,International NGO,0,0.0,0,0
Wildlife Conservation Society,wcs,International NGO,0,0.0,0,0
Win Win Strategies,wws,International NGO,0,100.0,86,62
Windle Trust Kenya,wtk,National NGO,0,0.0,63,21
WNF Wereld Natuur Fonds,wnf,International NGO,62,8.0,59,43
"WO=MEN, Dutch Gender Platform",wo-men,National NGO,12,0.0,0,4
Wolayita Development Association,woda_0486,"Academic, Training and Research",0,0.0,0,0
Womankind Worldwide,womankindworld,International NGO,88,20.0,69,59
Women and Children First (UK),wcf,International NGO,0,0.0,0,0
Women Engage for a Common Future,wecf,International NGO,38,100.0,77,72
Women Environmental Programme,wep,National NGO,0,0.0,66,22
Women for Women International (UK),wfwiuk,International NGO,75,33.333333333333336,75,61
Women Peacemakers Program,wpp,International NGO,0,0.0,86,29
Women's Action Group,wag-1983,National NGO,0,0.0,74,25
Women's Environment & Development Organization,wedo,International NGO,12,0.0,0,4
Women's Fund Asia,wf-asia,Regional NGO,75,100.0,80,85
Women's Global Network on Reproductive Rights,wgnrr_iati,International NGO,25,0.0,0,8
Women's Refugee Commission,w_r_c,International NGO,0,0.0,0,0
World Agroforestry Centre,icraf_,"Academic, Training and Research",0,0.0,0,0
World Association for Christian Communication (UK),wacc-uk,International NGO,0,0.0,0,0
World Bank Trust Funds,wbtf,Multilateral,62,0.0,73,45
World Benchmarking Alliance Foundation,wba,Foundation,50,0.0,64,38
World Child Cancer UK,wccuk,International NGO,75,33.333333333333336,74,61
World Economic Forum,worldeconomicforum,International NGO,0,0.0,62,21
World Economic Forum Geneva,weforum_geneva,International NGO,0,0.0,70,23
World Education Inc.,wei,"Academic, Training and Research",38,0.0,76,38
World Federalist Movement - Institute for Global Policy,wfm-igp,International NGO,12,0.0,71,28
World Health Organization (WHO),who,Multilateral,88,66.66666666666667,83,79
World Horse Welfare,whw2019,International NGO,75,0.0,65,47
World Jewish Relief,wjr_001,International NGO,38,0.0,70,36
World Resources Institute,wri,International NGO,75,33.333333333333336,74,61
World University Service of Canada,wusc,International NGO,62,0.0,59,40
World Vegetable Center,worldveg,International NGO,75,75.66666666666667,76,76
World Vision Central African Republic,wv_cf,International NGO,12,0.0,67,26
World Vision Democratic Republic of Congo,wv_cd,International NGO,25,0.0,67,31
World Vision Ethiopia,wv_et_activities,International NGO,25,0.0,67,31
World Vision Germany,wv_de,International NGO,38,0.0,69,36
World Vision International,wvi,International NGO,62,0.0,74,45
World Vision Netherlands,wvnld,Foundation,62,0.0,85,49
World Vision UK,wvuk,International NGO,75,0.0,60,45
World Vision Zimbabwe,wvz-gec,International NGO,0,0.0,0,0
World Waternet,worldwaternet,Foundation,25,66.66666666666667,79,57
World Wide Fund for Nature - Kenya,wwf-kenya,National NGO,25,0.0,62,29
World Wide Fund for Nature - Pakistan,wwfpakistan,International NGO,0,0.0,76,25
World Wide Fund for Nature Belgium (WWF-BE),wwf-be,National NGO,0,0.0,0,0
World Wide Fund for Nature Denmark,wwfdk,Foundation,25,0.0,65,30
World Wide Fund for Nature Zambia,wwfzambia,International NGO,0,0.0,56,19
World Young Women's Christian Association,world_ywca,International NGO,0,100.0,80,60
Worldwide Hospice Palliative Care Alliance,whpca,International NGO,25,0.0,0,8
WSP USA Solutions Inc.,lbg,Private Sector,100,0.0,86,62
WWF Indonesia,wwf_id,International NGO,0,0.0,53,18
WWF Paraguay,wwf-py,International NGO,0,0.0,59,20
WWF Sweden,wwf-se,International NGO,0,0.0,72,24
WWF TUNISIA,wwfna,International NGO,0,0.0,59,20
WWF-UK,wwf-uk,International NGO,38,1.3333333333333333,56,32
WYG International B.V.,wygi,Private Sector,75,33.333333333333336,76,61
Y Care International,ycare,International NGO,75,0.0,72,49
Yamaan Foundation for Health and Social Development,yffhsd,National NGO,75,100.0,80,85
Yayasan PEKKA,pekka_21,National NGO,38,100.0,89,76
YMCA of Liberia,libymca,National NGO,0,0.0,71,24
Young Innovations Pvt. Ltd,yipl,"Academic, Training and Research",50,5.666666666666667,56,37
Young Women Christian Association of South Sudan (YWCA SS),ywcass,National NGO,0,100.0,83,61
Young Women's Christian Association of Kenya,ywcakenya,National NGO,12,100.0,77,63
Youth Business International,ybi,International NGO,0,0.0,78,26
Youth Development Labs Inc,ylabs,International NGO,0,0.0,60,20
Youth Net and Counselling - YONECO,yoneco1997,National NGO,0,0.0,62,21
YWCA of Bangladesh,ywcabd,National NGO,0,0.0,0,0
YWCA Palestine,ywca,National NGO,0,100.0,74,58
Zambia Orphans Aid UK,zoa_uk,International NGO,0,0.0,0,0
Zimbabwe Educational Trust,zet,International NGO,0,0.0,0,0
Zing,zing,Foundation,0,0.0,68,23
ZOA,zoa,International NGO,100,89.0,84,91
Zoological Society of London,zsl,International NGO,75,46.0,68,63
